cluster_id,launch_date
ID_1,1977-09-01
ID_2,1992-03-01
ID_3,2004-04-01
ID_4,1999-07-01
ID_5,1998-04-01
ID_6,1966-12-01
ID_7,1993-06-01
ID_8,1999-03-01
ID_9,2001-07-01
ID_10,1998-03-01
ID_11,2003-10-01
ID_12,2001-05-01
ID_13,1986-09-01
ID_14,1992-04-01
ID_15,1986-09-01
ID_16,1998-11-01
ID_17,2004-11-01
ID_18,2008-08-01
ID_19,2006-09-01
ID_20,1995-09-01
ID_21,2012-01-01
ID_22,2008-10-01
ID_23,2010-12-01
ID_24,2007-09-01
ID_25,2012-01-01
ID_26,2000-11-01
ID_27,2011-09-01
ID_28,1998-03-01
ID_30,2012-12-01
ID_31,2013-10-01
ID_32,2014-10-01
ID_34,2016-04-01
ID_35,2015-12-01
ID_36,2015-06-01
ID_37,2017-09-01
ID_38,2017-03-01
ID_40,2016-07-01
ID_42,2016-04-01
ID_43,2007-11-01
ID_44,2012-09-01
ID_46,2012-01-01
ID_47,2019-03-01
ID_48,1991-08-01
ID_49,2005-05-01
ID_50,1983-09-01
ID_51,1998-03-01
ID_52,2008-02-01
ID_53,2006-08-01
ID_54,1972-11-01
ID_55,1999-02-01
ID_56,2010-01-01
ID_57,2008-05-01
ID_58,2015-12-01
ID_59,2001-07-01
ID_60,2008-08-01
ID_61,2008-10-01
ID_62,2015-08-01
ID_63,1996-10-01
ID_64,2005-08-01
ID_65,2007-01-01
ID_66,2016-04-01
ID_67,2016-04-01
ID_68,2016-04-01
ID_69,2017-09-01
ID_70,2017-09-01
ID_71,2016-07-01
ID_72,2016-07-01
ID_73,2016-07-01
ID_74,2016-04-01
ID_75,2016-04-01
ID_76,2016-04-01
ID_77,2012-01-01
ID_78,2017-09-01
ID_79,2017-09-01
ID_80,2016-04-01
ID_81,2016-04-01
ID_82,2016-04-01
ID_83,2009-01-29
ID_84,1993-04-01
ID_86,1997-04-01
ID_87,1999-07-01
ID_88,1975-01-01
ID_89,1975-01-01
ID_90,1999-03-01
ID_91,2001-12-01
ID_92,1998-06-01
ID_93,2004-07-01
ID_94,1983-06-01
ID_95,1988-06-01
ID_96,2006-01-01
ID_97,1983-06-01
ID_98,1998-04-01
ID_99,2000-04-01
ID_100,2004-05-01
ID_101,2007-04-01
ID_102,2007-11-01
ID_103,1995-10-01
ID_104,2017-11-01
ID_105,2008-01-01
ID_106,2008-04-01
ID_107,2006-08-01
ID_108,2009-08-01
ID_109,2011-05-01
ID_110,2009-12-01
ID_111,1998-06-01
ID_112,2009-12-01
ID_113,2015-03-01
ID_114,2012-11-01
ID_115,2013-12-01
ID_117,2012-10-01
ID_118,2011-10-01
ID_120,2016-01-01
ID_121,2006-01-01
ID_122,2017-10-01
ID_123,2006-08-01
ID_125,2015-09-01
ID_127,2013-11-01
ID_128,2008-06-01
ID_129,2010-08-01
ID_131,2010-05-01
ID_132,2018-09-01
ID_133,1999-10-01
ID_134,1992-12-01
ID_135,2011-11-01
ID_136,2014-07-01
ID_137,2000-06-01
ID_138,2009-01-01
ID_139,2006-05-01
ID_140,2015-12-01
ID_141,2002-01-01
ID_143,1997-06-01
ID_144,2006-10-01
ID_145,2012-10-01
ID_146,2012-10-01
ID_147,2012-10-01
ID_148,2017-10-01
ID_149,2017-10-01
ID_150,2015-09-01
ID_151,2015-09-01
ID_152,2015-09-01
ID_153,2013-11-01
ID_154,2013-11-01
ID_155,2013-11-01
ID_156,2010-05-01
ID_157,2017-10-01
ID_158,2017-10-01
ID_159,2013-11-01
ID_160,2013-11-01
ID_161,2013-11-01
ID_162,2009-01-29
ID_163,2009-01-29
ID_164,1969-03-01
ID_166,2008-11-01
ID_167,1997-12-01
ID_168,2008-11-01
ID_169,1964-05-01
ID_170,1993-10-01
ID_171,1976-11-01
ID_172,1981-03-01
ID_173,1999-05-01
ID_174,2001-08-01
ID_175,2000-08-01
ID_176,2003-08-01
ID_177,1988-04-01
ID_178,1990-03-01
ID_179,1988-04-01
ID_180,2000-04-01
ID_181,2005-03-01
ID_182,2008-11-01
ID_183,2010-06-01
ID_184,1996-02-01
ID_185,2009-01-29
ID_186,2008-08-01
ID_187,2011-03-01
ID_188,2011-06-01
ID_189,2009-09-01
ID_190,2011-05-01
ID_191,2010-11-01
ID_192,2008-05-01
ID_193,2015-03-01
ID_194,2013-10-01
ID_195,2014-09-01
ID_197,2013-08-01
ID_199,2016-01-01
ID_200,2009-01-29
ID_201,2009-01-29
ID_203,2014-03-01
ID_205,2013-12-01
ID_206,2007-08-01
ID_207,2010-09-01
ID_209,2011-08-01
ID_211,2009-01-29
ID_212,1985-05-01
ID_213,2012-12-01
ID_214,2002-07-01
ID_216,2017-01-01
ID_218,2001-02-01
ID_219,2010-06-01
ID_220,2006-11-01
ID_221,2015-04-01
ID_222,2002-06-01
ID_227,2006-12-01
ID_228,2007-08-01
ID_229,2003-08-01
ID_230,2013-08-01
ID_231,2013-08-01
ID_232,2013-08-01
ID_233,2009-01-29
ID_234,2009-01-29
ID_235,2014-03-01
ID_236,2014-03-01
ID_237,2014-03-01
ID_238,2013-12-01
ID_239,2013-12-01
ID_240,2013-12-01
ID_241,2011-08-01
ID_242,2009-01-29
ID_243,2009-01-29
ID_244,2013-12-01
ID_245,2013-12-01
ID_246,2013-12-01
ID_251,2004-04-01
ID_252,1994-10-01
ID_253,2009-01-29
ID_254,2002-03-01
ID_255,2006-01-01
ID_256,2009-01-29
ID_257,1994-10-01
ID_259,2001-03-01
ID_260,2002-01-01
ID_261,2001-03-01
ID_262,2005-04-01
ID_263,2003-02-01
ID_265,2000-12-01
ID_268,2012-11-01
ID_269,2010-05-01
ID_270,2000-03-01
ID_272,2012-03-01
ID_273,2011-12-01
ID_274,2002-01-01
ID_275,2014-03-01
ID_276,2015-05-01
ID_277,2017-04-01
ID_284,2011-12-01
ID_286,1967-03-01
ID_287,2002-01-01
ID_288,2015-07-01
ID_289,1990-08-01
ID_290,1998-09-01
ID_291,1999-05-01
ID_292,1999-09-01
ID_293,1965-12-01
ID_294,1992-03-01
ID_295,1975-09-01
ID_296,2000-10-01
ID_297,2002-10-01
ID_298,1999-04-01
ID_299,2005-10-01
ID_300,1984-09-01
ID_301,1988-09-01
ID_302,2006-03-01
ID_303,1984-09-01
ID_304,1988-09-01
ID_305,2002-01-01
ID_306,2005-09-01
ID_307,2007-05-01
ID_308,2009-01-01
ID_309,1997-04-01
ID_310,2018-09-01
ID_311,2008-08-01
ID_312,2009-01-01
ID_313,2011-04-01
ID_314,2010-02-01
ID_315,2012-01-01
ID_316,2010-07-01
ID_317,1999-04-01
ID_318,2012-04-01
ID_319,2015-09-01
ID_320,2013-09-01
ID_321,2014-09-01
ID_323,2014-02-01
ID_324,2016-03-01
ID_326,2016-09-01
ID_327,2006-03-01
ID_328,2018-07-01
ID_329,2007-06-01
ID_331,2017-01-01
ID_333,2014-04-01
ID_334,2009-08-01
ID_335,2011-02-01
ID_337,2010-08-01
ID_339,1993-01-01
ID_340,2011-04-01
ID_341,1986-08-01
ID_342,2011-04-01
ID_343,2003-02-01
ID_344,2015-03-01
ID_345,1998-10-01
ID_346,2000-05-01
ID_347,2009-08-01
ID_348,2007-01-01
ID_349,2015-08-01
ID_350,2002-03-01
ID_351,1966-12-01
ID_355,2007-07-01
ID_356,2014-02-01
ID_357,2014-02-01
ID_358,2014-02-01
ID_359,2018-07-01
ID_360,2018-07-01
ID_361,2017-01-01
ID_362,2017-01-01
ID_363,2017-01-01
ID_364,2014-04-01
ID_365,2014-04-01
ID_366,2014-04-01
ID_367,2010-08-01
ID_368,2018-07-01
ID_369,2018-07-01
ID_370,2014-04-01
ID_371,2014-04-01
ID_372,2014-04-01
ID_373,1970-11-01
ID_375,1995-02-01
ID_376,1964-08-01
ID_377,1984-09-01
ID_378,1997-03-01
ID_379,1998-06-01
ID_380,1998-06-01
ID_381,1966-03-01
ID_382,1988-06-01
ID_383,1976-04-01
ID_384,1998-10-01
ID_385,2001-10-01
ID_386,1998-04-01
ID_387,2000-09-01
ID_388,2004-03-01
ID_389,2000-12-01
ID_390,1998-08-01
ID_391,1995-11-01
ID_392,1998-08-01
ID_393,1999-11-01
ID_394,2001-07-01
ID_395,2006-12-01
ID_396,2004-01-01
ID_397,2006-08-01
ID_398,2018-08-01
ID_399,2009-05-01
ID_400,2011-03-01
ID_401,2009-09-01
ID_402,2011-11-01
ID_403,2008-12-01
ID_404,2008-01-01
ID_405,2010-09-01
ID_406,2015-05-01
ID_407,2016-06-01
ID_409,2016-02-01
ID_410,2009-01-29
ID_411,2018-11-01
ID_412,2009-01-29
ID_413,2016-07-01
ID_414,2008-02-01
ID_415,2011-04-01
ID_417,2011-10-01
ID_418,1996-02-01
ID_419,2004-09-01
ID_420,1986-03-01
ID_421,2018-09-01
ID_422,1998-07-01
ID_423,2007-05-01
ID_424,2008-06-01
ID_425,1999-01-01
ID_426,2010-01-01
ID_427,2007-08-01
ID_428,2017-07-01
ID_429,2001-06-01
ID_430,2002-10-01
ID_431,2009-01-29
ID_432,2007-06-01
ID_433,2008-05-01
ID_434,2016-07-01
ID_435,2005-10-01
ID_436,2016-02-01
ID_437,2016-02-01
ID_438,2016-02-01
ID_439,2018-11-01
ID_440,2018-11-01
ID_441,2009-01-29
ID_442,2009-01-29
ID_443,2009-01-29
ID_444,2016-07-01
ID_445,2016-07-01
ID_446,2016-07-01
ID_447,2011-10-01
ID_448,2018-11-01
ID_449,2018-11-01
ID_450,2016-07-01
ID_451,2016-07-01
ID_452,2016-07-01
ID_453,1973-01-01
ID_454,2002-04-01
ID_455,1956-01-01
ID_457,1997-11-01
ID_458,1997-09-01
ID_459,2000-05-01
ID_460,1969-10-01
ID_461,1993-05-01
ID_462,2000-11-01
ID_463,2001-10-01
ID_464,2000-06-01
ID_465,2005-02-01
ID_466,2000-11-01
ID_467,1984-04-01
ID_468,1989-08-01
ID_469,2005-02-01
ID_470,1993-05-01
ID_471,1984-04-01
ID_472,1999-01-01
ID_473,2006-11-01
ID_474,2017-09-01
ID_475,2008-11-01
ID_476,2012-03-01
ID_477,2010-02-01
ID_478,2011-04-01
ID_479,2000-06-01
ID_480,2010-06-01
ID_481,2010-04-01
ID_482,2015-04-01
ID_483,2013-01-01
ID_484,2014-03-01
ID_486,2012-08-01
ID_488,2015-11-01
ID_489,2015-04-01
ID_490,2005-02-01
ID_491,2018-04-01
ID_492,2016-03-01
ID_493,2013-09-01
ID_494,2013-09-01
ID_495,2009-06-01
ID_496,2010-08-01
ID_498,2011-04-01
ID_499,2018-12-01
ID_500,1990-08-01
ID_501,2004-06-01
ID_502,1982-01-01
ID_503,2011-02-01
ID_504,1998-01-01
ID_506,2018-03-01
ID_507,2014-07-01
ID_508,2008-09-01
ID_509,2014-03-01
ID_510,1997-06-01
ID_511,2016-10-01
ID_512,1998-11-01
ID_513,2010-01-01
ID_514,2006-05-01
ID_515,2015-02-01
ID_516,2008-12-01
ID_517,1951-01-01
ID_518,2004-07-01
ID_520,2007-08-01
ID_521,2013-09-01
ID_522,2012-08-01
ID_523,2012-08-01
ID_524,2012-08-01
ID_525,2018-04-01
ID_526,2018-04-01
ID_527,2013-09-01
ID_528,2013-09-01
ID_529,2013-09-01
ID_530,2013-09-01
ID_531,2013-09-01
ID_532,2013-09-01
ID_533,2011-04-01
ID_534,2018-04-01
ID_535,2018-04-01
ID_536,2013-09-01
ID_537,2013-09-01
ID_538,2013-09-01
ID_539,1964-07-01
ID_540,1995-02-01
ID_541,1954-01-01
ID_542,1968-01-01
ID_544,1997-04-01
ID_545,1963-12-01
ID_546,1992-01-01
ID_547,1974-09-01
ID_548,1998-06-01
ID_549,2001-07-01
ID_550,1997-08-01
ID_551,2002-11-01
ID_552,2001-01-01
ID_553,1983-06-01
ID_554,1988-09-01
ID_555,2006-11-01
ID_556,1983-06-01
ID_557,1997-12-01
ID_558,2000-12-01
ID_559,2005-05-01
ID_560,2007-02-01
ID_561,2017-07-01
ID_562,2007-08-01
ID_563,2010-05-01
ID_564,2010-07-01
ID_565,2009-12-01
ID_566,2011-02-01
ID_567,2009-10-01
ID_568,1997-08-01
ID_569,2009-08-01
ID_570,2015-03-01
ID_571,2013-09-01
ID_572,2014-08-01
ID_574,2013-01-01
ID_575,2011-12-01
ID_577,2015-10-01
ID_578,2015-01-01
ID_579,2006-11-01
ID_581,2017-12-01
ID_582,2016-07-01
ID_583,2014-02-01
ID_584,2007-05-01
ID_585,2010-09-01
ID_587,2010-08-01
ID_588,2018-08-01
ID_589,1995-03-01
ID_590,2008-07-01
ID_591,1982-09-01
ID_592,2011-05-01
ID_593,2003-12-01
ID_595,2009-01-01
ID_596,1978-09-01
ID_597,2000-05-01
ID_598,2009-07-01
ID_599,2015-02-01
ID_600,1982-05-01
ID_604,1999-04-01
ID_605,1996-09-01
ID_606,2002-09-01
ID_607,2005-12-01
ID_608,2008-09-01
ID_609,2006-09-01
ID_610,2014-02-01
ID_611,2013-01-01
ID_612,2013-01-01
ID_613,2013-01-01
ID_614,2017-12-01
ID_615,2017-12-01
ID_616,2016-07-01
ID_617,2016-07-01
ID_618,2016-07-01
ID_619,2014-02-01
ID_620,2014-02-01
ID_621,2014-02-01
ID_622,2010-08-01
ID_623,2017-12-01
ID_624,2017-12-01
ID_625,2014-02-01
ID_626,2014-02-01
ID_627,2014-02-01
ID_628,1997-06-01
ID_629,2009-01-29
ID_630,2000-07-01
ID_631,2009-01-29
ID_632,1993-07-01
ID_633,2000-08-01
ID_634,2004-09-01
ID_635,1998-10-01
ID_636,2004-07-01
ID_637,2001-08-01
ID_638,1989-08-01
ID_639,1993-06-01
ID_640,1989-08-01
ID_641,2000-08-01
ID_642,2006-05-01
ID_643,2007-04-01
ID_644,2012-01-01
ID_645,2012-01-01
ID_646,2011-03-01
ID_647,2011-10-01
ID_648,1998-10-01
ID_650,2014-05-01
ID_652,2013-08-01
ID_653,2019-02-01
ID_654,2016-07-01
ID_655,2015-06-01
ID_656,2019-01-01
ID_657,2015-08-01
ID_658,2015-10-01
ID_659,2008-07-01
ID_660,2011-01-01
ID_662,2011-12-01
ID_663,1991-03-01
ID_664,2005-05-01
ID_665,1983-06-01
ID_666,1998-09-01
ID_667,2007-08-01
ID_668,2007-03-01
ID_669,1999-06-01
ID_670,2010-02-01
ID_671,2008-02-01
ID_672,2016-04-01
ID_673,2001-09-01
ID_674,2018-04-01
ID_675,2015-05-01
ID_676,1997-10-01
ID_677,2007-07-01
ID_678,2009-06-01
ID_679,2015-08-01
ID_680,2012-01-01
ID_681,2013-08-01
ID_682,2013-08-01
ID_683,2013-08-01
ID_684,2019-01-01
ID_685,2019-01-01
ID_686,2015-08-01
ID_687,2015-08-01
ID_688,2015-08-01
ID_689,2015-10-01
ID_690,2015-10-01
ID_691,2015-10-01
ID_692,2011-12-01
ID_693,2019-01-01
ID_694,2019-01-01
ID_695,2015-10-01
ID_696,2015-10-01
ID_697,2015-10-01
ID_698,2009-01-29
ID_699,1994-06-01
ID_700,2003-11-01
ID_701,1999-10-01
ID_702,2002-03-01
ID_703,2005-05-01
ID_704,2009-01-29
ID_705,2009-01-29
ID_706,2009-01-29
ID_707,2009-01-29
ID_708,2003-11-01
ID_709,2002-07-01
ID_710,2000-10-01
ID_711,2003-11-01
ID_712,2009-04-01
ID_713,1994-12-01
ID_714,2018-02-01
ID_715,1994-12-01
ID_716,2004-01-01
ID_717,2010-03-01
ID_718,2011-08-01
ID_719,2010-12-01
ID_720,2009-01-29
ID_721,2007-03-01
ID_722,2010-05-01
ID_723,2016-02-01
ID_724,2012-12-01
ID_725,2012-03-01
ID_726,2009-08-01
ID_727,2000-10-01
ID_728,2019-04-01
ID_729,2019-02-01
ID_730,2017-06-01
ID_731,2017-08-01
ID_732,2018-05-01
ID_733,2012-03-01
ID_734,2017-04-01
ID_735,2018-07-01
ID_736,2009-01-29
ID_737,2019-05-01
ID_738,2009-01-29
ID_739,2003-10-01
ID_740,2003-10-01
ID_741,2015-09-01
ID_742,2015-06-01
ID_743,2005-07-01
ID_744,2017-06-01
ID_745,2017-06-01
ID_746,2017-06-01
ID_747,2018-07-01
ID_748,1994-07-01
ID_749,1999-03-01
ID_750,1967-07-01
ID_751,1980-09-01
ID_752,1977-03-01
ID_755,1999-05-01
ID_756,2003-08-01
ID_757,2001-05-01
ID_758,1994-03-01
ID_759,1991-09-01
ID_760,1994-03-01
ID_762,2004-12-01
ID_763,2009-06-01
ID_764,2009-06-01
ID_765,2009-07-01
ID_766,2011-02-01
ID_767,2007-11-01
ID_768,2010-11-01
ID_770,2008-07-01
ID_772,2013-10-01
ID_773,2014-08-01
ID_775,2013-09-01
ID_776,2017-01-01
ID_777,2007-11-01
ID_778,2009-07-01
ID_779,2012-03-01
ID_781,2011-09-01
ID_782,1990-07-01
ID_783,2005-01-01
ID_784,1998-07-01
ID_785,2008-05-01
ID_786,2010-02-01
ID_787,2008-11-01
ID_788,2016-03-01
ID_790,1997-02-01
ID_791,2007-07-01
ID_792,2006-08-01
ID_794,2013-09-01
ID_795,2013-09-01
ID_796,2013-09-01
ID_797,2011-09-01
ID_798,2009-01-29
ID_799,1991-10-01
ID_800,1992-10-01
ID_801,1991-07-01
ID_802,1999-07-01
ID_803,2002-04-01
ID_804,1999-05-01
ID_805,2006-03-01
ID_806,1989-07-01
ID_807,1993-01-01
ID_808,2006-08-01
ID_809,1989-07-01
ID_810,2001-03-01
ID_811,2001-01-01
ID_812,2007-04-01
ID_813,2008-11-01
ID_814,2001-07-01
ID_815,2019-06-01
ID_816,2008-06-01
ID_817,2008-07-01
ID_818,2011-02-01
ID_819,2007-04-01
ID_820,2009-10-01
ID_821,2012-03-01
ID_822,1999-05-01
ID_823,2010-05-01
ID_824,2015-05-01
ID_825,2013-09-01
ID_826,2014-03-01
ID_828,2013-03-01
ID_829,2012-02-01
ID_831,2016-05-01
ID_832,2016-06-01
ID_833,2006-08-01
ID_834,2018-12-01
ID_835,2007-04-01
ID_836,2018-02-01
ID_838,2015-04-01
ID_839,2008-12-01
ID_840,2011-02-01
ID_842,2011-09-01
ID_843,2018-10-01
ID_844,2000-11-01
ID_845,2010-07-01
ID_846,1988-01-01
ID_847,2007-02-01
ID_848,2013-04-01
ID_849,2001-07-01
ID_850,2012-09-01
ID_851,2007-03-01
ID_852,2015-08-01
ID_853,2003-01-01
ID_854,1971-01-01
ID_856,2007-08-01
ID_857,2013-03-01
ID_858,2013-03-01
ID_859,2013-03-01
ID_860,2018-12-01
ID_861,2018-12-01
ID_862,2018-02-01
ID_863,2018-02-01
ID_864,2018-02-01
ID_865,2015-04-01
ID_866,2015-04-01
ID_867,2015-04-01
ID_868,2011-09-01
ID_869,2011-09-01
ID_870,2018-12-01
ID_871,2018-12-01
ID_872,2015-04-01
ID_873,2015-04-01
ID_874,2015-04-01
ID_875,1969-09-01
ID_876,1992-09-01
ID_877,2000-03-01
ID_878,1954-01-01
ID_879,1996-07-01
ID_880,1997-02-01
ID_881,1997-10-01
ID_882,1964-01-01
ID_883,1992-05-01
ID_884,1976-05-01
ID_885,1998-11-01
ID_886,2001-11-01
ID_887,1998-05-01
ID_888,2001-04-01
ID_889,2004-05-01
ID_890,1983-06-01
ID_891,1990-09-01
ID_892,2005-11-01
ID_893,1983-06-01
ID_894,1997-11-01
ID_895,1996-12-01
ID_896,2004-03-01
ID_897,2007-01-01
ID_898,2007-10-01
ID_899,1994-09-01
ID_900,2017-10-01
ID_901,2008-01-01
ID_902,2008-05-01
ID_903,2010-01-01
ID_904,2009-08-01
ID_905,2011-04-01
ID_906,2009-11-01
ID_907,1998-05-01
ID_908,2008-12-01
ID_909,2009-12-01
ID_910,2015-05-01
ID_911,2012-11-01
ID_912,2013-11-01
ID_914,2012-09-01
ID_915,2011-10-01
ID_917,2015-12-01
ID_918,2015-07-01
ID_919,2005-11-01
ID_920,2017-09-01
ID_921,2015-10-01
ID_922,2013-10-01
ID_923,2008-03-01
ID_924,2010-07-01
ID_926,2010-04-01
ID_927,2018-11-01
ID_928,2006-01-01
ID_929,2008-01-01
ID_930,1982-05-01
ID_931,2011-06-01
ID_932,2004-01-01
ID_933,2013-07-01
ID_934,1977-09-01
ID_935,2000-04-01
ID_936,2009-01-01
ID_937,2006-05-01
ID_938,2015-01-01
ID_939,2001-11-01
ID_940,1966-08-01
ID_944,2007-10-01
ID_945,1996-07-01
ID_946,1997-10-01
ID_947,2007-01-01
ID_948,2007-01-01
ID_949,2008-05-01
ID_950,2006-10-01
ID_951,2007-02-01
ID_952,2013-10-01
ID_953,2012-09-01
ID_954,2012-09-01
ID_955,2012-09-01
ID_956,2017-09-01
ID_957,2017-09-01
ID_958,2015-10-01
ID_959,2015-10-01
ID_960,2015-10-01
ID_961,2013-10-01
ID_962,2013-10-01
ID_963,2013-10-01
ID_964,2010-04-01
ID_965,2017-09-01
ID_966,2017-09-01
ID_967,2013-10-01
ID_968,2013-10-01
ID_969,2013-10-01
ID_970,1963-12-01
ID_971,1990-09-01
ID_972,1956-12-01
ID_973,1996-12-01
ID_974,1997-03-01
ID_975,1965-06-01
ID_976,1978-03-01
ID_977,1998-12-01
ID_978,2001-12-01
ID_979,2004-09-01
ID_980,1984-03-01
ID_981,1988-09-01
ID_982,2005-12-01
ID_983,1984-03-01
ID_984,1998-03-01
ID_985,1999-06-01
ID_986,2004-04-01
ID_987,2007-04-01
ID_988,2008-04-01
ID_989,2017-11-01
ID_990,2008-03-01
ID_991,2008-04-01
ID_992,2010-02-01
ID_993,2009-10-01
ID_994,2011-05-01
ID_995,1998-06-01
ID_996,2010-02-01
ID_997,2015-03-01
ID_998,2012-11-01
ID_999,2013-11-01
ID_1001,2012-09-01
ID_1002,2011-09-01
ID_1004,2015-11-01
ID_1005,2015-06-01
ID_1006,2005-12-01
ID_1007,2017-11-01
ID_1008,2007-03-01
ID_1010,2015-10-01
ID_1012,2013-10-01
ID_1013,2008-07-01
ID_1014,2010-07-01
ID_1016,2010-04-01
ID_1017,2018-10-01
ID_1018,2006-02-01
ID_1019,2010-01-01
ID_1020,2005-08-01
ID_1021,2003-03-01
ID_1022,2008-09-01
ID_1023,1999-03-01
ID_1024,2000-06-01
ID_1025,2009-01-01
ID_1026,2006-05-01
ID_1027,2014-09-01
ID_1028,2001-12-01
ID_1030,2006-12-01
ID_1031,2012-09-01
ID_1032,2012-09-01
ID_1033,2012-09-01
ID_1034,2017-11-01
ID_1035,2017-11-01
ID_1036,2015-10-01
ID_1037,2015-10-01
ID_1038,2015-10-01
ID_1039,2013-10-01
ID_1040,2013-10-01
ID_1041,2013-10-01
ID_1042,2010-04-01
ID_1043,2017-11-01
ID_1044,2017-11-01
ID_1045,2013-10-01
ID_1046,2013-10-01
ID_1047,1994-10-01
ID_1048,1991-04-01
ID_1049,1997-02-01
ID_1050,1998-10-01
ID_1051,1998-01-01
ID_1052,1986-10-01
ID_1053,1993-07-01
ID_1054,1978-01-01
ID_1055,2012-01-01
ID_1056,2011-08-01
ID_1057,1998-07-01
ID_1058,2005-09-01
ID_1059,2003-08-01
ID_1060,2005-07-01
ID_1061,1993-06-01
ID_1062,2011-03-01
ID_1063,2002-08-01
ID_1064,2011-08-01
ID_1065,2009-01-01
ID_1066,2011-11-01
ID_1067,1994-07-01
ID_1068,2012-01-01
ID_1069,2011-11-01
ID_1070,2012-11-01
ID_1071,2011-11-01
ID_1072,2012-01-01
ID_1073,2012-09-01
ID_1074,2012-08-01
ID_1075,2010-02-01
ID_1076,2015-05-01
ID_1077,2016-04-01
ID_1079,2015-08-01
ID_1080,2016-06-01
ID_1081,2017-10-01
ID_1082,2011-02-01
ID_1083,2013-09-01
ID_1085,2013-10-01
ID_1086,1995-04-01
ID_1087,2007-03-01
ID_1088,1985-10-01
ID_1090,2007-05-01
ID_1091,2011-12-01
ID_1092,2011-03-01
ID_1093,2002-07-01
ID_1094,2011-04-01
ID_1095,2008-03-01
ID_1096,2019-04-01
ID_1097,2005-08-01
ID_1099,2015-12-01
ID_1100,2010-03-01
ID_1101,2011-08-01
ID_1102,2015-08-01
ID_1103,2015-08-01
ID_1104,2015-08-01
ID_1105,2017-10-01
ID_1106,2017-10-01
ID_1107,2013-10-01
ID_1108,2017-10-01
ID_1109,2017-10-01
ID_1110,1965-01-01
ID_1111,2001-07-01
ID_1112,1997-09-01
ID_1113,1997-10-01
ID_1114,1999-01-01
ID_1115,1965-10-01
ID_1116,1992-12-01
ID_1117,1975-12-01
ID_1118,1975-12-01
ID_1119,1999-09-01
ID_1120,2002-04-01
ID_1121,1999-01-01
ID_1122,2005-02-01
ID_1123,1986-02-01
ID_1124,1993-04-01
ID_1125,2006-04-01
ID_1126,1992-12-01
ID_1127,1986-02-01
ID_1128,1998-11-01
ID_1129,2001-03-01
ID_1130,2005-02-01
ID_1131,2008-04-01
ID_1132,2008-09-01
ID_1133,1996-05-01
ID_1134,2019-04-01
ID_1135,2008-03-01
ID_1136,2008-09-01
ID_1137,2010-08-01
ID_1138,2010-09-01
ID_1139,2011-11-01
ID_1140,2010-06-01
ID_1141,2008-02-01
ID_1142,2009-01-01
ID_1143,2010-12-01
ID_1144,2015-09-01
ID_1145,2013-04-01
ID_1146,2014-04-01
ID_1148,2014-12-01
ID_1149,2013-01-01
ID_1151,2016-09-01
ID_1152,2018-07-01
ID_1153,2006-04-01
ID_1154,2017-11-01
ID_1155,2016-04-01
ID_1156,2014-06-01
ID_1157,2008-12-01
ID_1158,2011-04-01
ID_1160,2010-12-01
ID_1162,2019-11-01
ID_1163,1998-01-01
ID_1164,2010-07-01
ID_1165,1988-01-01
ID_1166,2011-02-01
ID_1167,2003-03-01
ID_1168,2012-09-01
ID_1169,1955-01-01
ID_1170,2000-09-01
ID_1171,2009-08-01
ID_1172,2006-11-01
ID_1173,2015-06-01
ID_1174,2002-04-01
ID_1175,1948-01-01
ID_1178,2008-09-01
ID_1179,2008-04-01
ID_1180,2008-04-01
ID_1181,2016-10-01
ID_1182,2008-02-01
ID_1183,2010-08-01
ID_1184,2013-04-01
ID_1185,2014-04-01
ID_1186,2008-09-01
ID_1187,2007-04-01
ID_1188,2007-06-01
ID_1189,2014-06-01
ID_1190,2014-12-01
ID_1191,2014-12-01
ID_1192,2014-12-01
ID_1193,2017-11-01
ID_1194,2017-11-01
ID_1195,2016-04-01
ID_1196,2016-04-01
ID_1197,2016-04-01
ID_1198,2014-06-01
ID_1199,2014-06-01
ID_1200,2014-06-01
ID_1201,2010-12-01
ID_1202,2017-11-01
ID_1203,2017-11-01
ID_1204,2014-06-01
ID_1205,2014-06-01
ID_1206,2014-06-01
ID_1207,1963-08-01
ID_1208,1991-05-01
ID_1209,2010-05-01
ID_1211,1997-04-01
ID_1212,1997-09-01
ID_1213,1998-10-01
ID_1214,1964-04-01
ID_1215,1977-08-01
ID_1216,1999-01-01
ID_1217,2001-11-01
ID_1218,1998-05-01
ID_1219,2004-10-01
ID_1220,1984-01-01
ID_1221,1990-04-01
ID_1222,2006-01-01
ID_1223,1984-01-01
ID_1224,1990-04-01
ID_1225,2004-04-01
ID_1226,2007-04-01
ID_1227,2008-05-01
ID_1228,1996-03-01
ID_1229,2017-11-01
ID_1230,2008-03-01
ID_1231,2008-05-01
ID_1232,2010-04-01
ID_1233,2010-04-01
ID_1234,2011-05-01
ID_1235,2010-03-01
ID_1236,1998-05-01
ID_1237,2013-10-01
ID_1238,2015-03-01
ID_1239,2013-02-01
ID_1240,2013-12-01
ID_1242,2012-10-01
ID_1243,2012-06-01
ID_1245,2016-01-01
ID_1246,2006-01-01
ID_1247,2018-10-01
ID_1248,2007-02-01
ID_1250,2015-11-01
ID_1252,2013-10-01
ID_1253,2008-02-01
ID_1254,2010-07-01
ID_1256,2010-04-01
ID_1257,2018-09-01
ID_1258,2006-10-01
ID_1259,2010-03-01
ID_1260,1985-06-01
ID_1261,2011-03-01
ID_1262,2002-12-01
ID_1263,2011-10-01
ID_1264,2000-05-01
ID_1265,2009-03-01
ID_1266,2006-05-01
ID_1267,2014-12-01
ID_1268,2002-01-01
ID_1270,2012-10-01
ID_1271,2012-10-01
ID_1272,2012-10-01
ID_1273,2018-10-01
ID_1274,2018-10-01
ID_1275,2015-11-01
ID_1276,2015-11-01
ID_1277,2015-11-01
ID_1278,2013-10-01
ID_1279,2013-10-01
ID_1280,2013-10-01
ID_1281,2010-04-01
ID_1282,2018-10-01
ID_1283,2018-10-01
ID_1284,2013-10-01
ID_1285,2013-10-01
ID_1286,1965-12-01
ID_1287,2001-03-01
ID_1288,2009-01-29
ID_1289,1997-06-01
ID_1290,1997-03-01
ID_1291,1998-03-01
ID_1292,1964-05-01
ID_1293,1994-06-01
ID_1294,1976-09-01
ID_1295,1999-02-01
ID_1296,2003-04-01
ID_1297,1998-09-01
ID_1298,2005-03-01
ID_1299,2003-06-01
ID_1300,1996-01-01
ID_1301,1989-08-01
ID_1302,2006-04-01
ID_1303,1996-01-01
ID_1304,2009-01-29
ID_1305,2004-03-01
ID_1306,2005-11-01
ID_1307,2007-08-01
ID_1308,2009-08-01
ID_1309,1996-06-01
ID_1310,2015-04-01
ID_1311,2008-05-01
ID_1312,2009-09-01
ID_1313,2010-11-01
ID_1314,2010-03-01
ID_1315,2011-12-01
ID_1316,2010-06-01
ID_1317,1998-09-01
ID_1318,2009-05-01
ID_1319,2010-12-01
ID_1320,2014-04-01
ID_1321,2014-12-01
ID_1323,2013-07-01
ID_1324,2012-12-01
ID_1325,2016-01-01
ID_1326,2014-10-01
ID_1327,2006-04-01
ID_1328,2019-04-01
ID_1330,2016-12-01
ID_1332,2014-07-01
ID_1333,2008-11-01
ID_1334,2013-11-01
ID_1336,2011-01-01
ID_1338,1998-12-01
ID_1339,1988-04-01
ID_1340,2011-11-01
ID_1341,2003-12-01
ID_1342,1999-12-01
ID_1343,2000-08-01
ID_1344,2009-04-01
ID_1345,2006-09-01
ID_1346,2015-06-01
ID_1347,2002-01-01
ID_1349,2016-07-01
ID_1350,2006-12-01
ID_1351,2007-06-01
ID_1352,2013-07-01
ID_1353,2013-07-01
ID_1354,2013-07-01
ID_1355,2019-04-01
ID_1356,2019-04-01
ID_1357,2016-12-01
ID_1358,2016-12-01
ID_1359,2016-12-01
ID_1360,2014-07-01
ID_1361,2014-07-01
ID_1362,2014-07-01
ID_1363,2011-01-01
ID_1364,2019-04-01
ID_1365,2019-04-01
ID_1366,2014-07-01
ID_1367,2014-07-01
ID_1368,2014-07-01
ID_1369,2009-01-29
ID_1370,1993-05-01
ID_1371,1975-10-01
ID_1373,1998-01-01
ID_1374,1998-01-01
ID_1375,1999-08-01
ID_1376,2009-01-29
ID_1377,1977-07-01
ID_1378,2007-08-01
ID_1379,2002-05-01
ID_1380,1999-03-01
ID_1381,2006-05-01
ID_1382,1985-07-01
ID_1383,1990-04-01
ID_1384,1985-07-01
ID_1385,1999-05-01
ID_1386,2001-09-01
ID_1387,2004-09-01
ID_1388,2007-06-01
ID_1389,2008-06-01
ID_1390,2008-06-01
ID_1392,2008-05-01
ID_1393,2008-06-01
ID_1394,2010-09-01
ID_1395,2010-02-01
ID_1396,2008-06-01
ID_1397,2011-07-01
ID_1398,2010-07-01
ID_1399,1999-03-01
ID_1400,2012-01-01
ID_1401,2015-10-01
ID_1402,2014-03-01
ID_1403,2014-05-01
ID_1408,2009-01-29
ID_1410,2018-10-01
ID_1415,2008-09-01
ID_1416,2011-02-01
ID_1418,2011-01-01
ID_1422,1991-01-01
ID_1423,2011-02-01
ID_1424,1985-01-01
ID_1425,2003-03-01
ID_1426,2009-09-01
ID_1427,1989-01-01
ID_1428,2001-02-01
ID_1429,2009-03-01
ID_1430,2006-12-01
ID_1431,2015-06-01
ID_1432,2002-04-01
ID_1433,1998-03-01
ID_1438,2008-06-01
ID_1439,2007-06-01
ID_1440,2007-06-01
ID_1441,2014-03-01
ID_1442,2014-05-01
ID_1443,2008-06-01
ID_1445,2007-01-01
ID_1446,2007-04-01
ID_1447,2006-05-01
ID_1448,2018-10-01
ID_1449,2018-10-01
ID_1450,2011-01-01
ID_1451,2018-10-01
ID_1452,2018-10-01
ID_1453,2009-01-29
ID_1454,2009-01-29
ID_1455,2009-01-29
ID_1456,1994-03-01
ID_1457,1997-07-01
ID_1458,1998-03-01
ID_1459,2000-02-01
ID_1460,1989-03-01
ID_1461,1992-09-01
ID_1462,1975-08-01
ID_1463,1999-06-01
ID_1464,2002-05-01
ID_1465,1998-12-01
ID_1466,2009-01-29
ID_1467,2009-01-29
ID_1468,1990-01-01
ID_1469,2006-09-01
ID_1470,2009-01-29
ID_1471,1999-05-01
ID_1472,2006-09-01
ID_1473,2008-04-01
ID_1474,2010-01-01
ID_1475,2018-08-01
ID_1476,2008-10-01
ID_1477,2010-02-01
ID_1478,2011-09-01
ID_1479,2010-04-01
ID_1480,2012-12-01
ID_1481,2011-02-01
ID_1482,1998-12-01
ID_1483,2011-04-01
ID_1484,2015-07-01
ID_1485,2009-01-29
ID_1486,2009-01-29
ID_1488,2009-01-29
ID_1489,2019-02-01
ID_1491,2009-01-29
ID_1492,2014-07-01
ID_1493,2006-09-01
ID_1494,2018-04-01
ID_1495,2007-06-01
ID_1497,2009-01-29
ID_1499,2015-06-01
ID_1500,2008-01-01
ID_1501,2011-03-01
ID_1503,2011-03-01
ID_1504,1991-09-01
ID_1505,2005-05-01
ID_1506,2009-01-29
ID_1507,2009-11-01
ID_1508,1999-01-01
ID_1509,2001-06-01
ID_1510,2010-02-01
ID_1511,2009-01-29
ID_1512,2017-08-01
ID_1513,2003-01-01
ID_1514,2009-01-29
ID_1515,2006-08-01
ID_1516,2009-01-29
ID_1517,2009-01-29
ID_1518,2009-01-29
ID_1519,2018-04-01
ID_1520,2018-04-01
ID_1521,2009-01-29
ID_1522,2009-01-29
ID_1523,2009-01-29
ID_1524,2015-06-01
ID_1525,2015-06-01
ID_1526,2015-06-01
ID_1527,2011-03-01
ID_1528,2018-04-01
ID_1529,2018-04-01
ID_1530,2015-06-01
ID_1531,2015-06-01
ID_1532,2015-06-01
ID_1533,1982-01-01
ID_1534,2000-01-01
ID_1535,1994-01-01
ID_1536,1992-10-01
ID_1537,1998-01-01
ID_1538,1998-01-01
ID_1539,1999-07-01
ID_1540,1992-01-01
ID_1541,1993-01-01
ID_1542,1992-01-01
ID_1543,1999-03-01
ID_1544,2001-12-01
ID_1545,1999-07-01
ID_1546,2005-07-01
ID_1547,1985-01-01
ID_1548,1993-01-01
ID_1549,2006-01-01
ID_1550,1985-01-01
ID_1551,1999-07-01
ID_1552,2003-04-01
ID_1553,2005-04-01
ID_1554,2008-01-01
ID_1555,2008-11-01
ID_1556,1994-07-01
ID_1557,2018-11-01
ID_1558,2008-08-01
ID_1559,2008-11-01
ID_1560,2010-10-01
ID_1561,2007-09-01
ID_1562,2010-07-01
ID_1563,2011-08-01
ID_1564,1999-07-01
ID_1565,2010-04-01
ID_1566,2016-05-01
ID_1567,2009-01-29
ID_1568,2014-01-01
ID_1570,2013-07-01
ID_1571,2013-05-01
ID_1573,2018-08-01
ID_1574,2006-01-01
ID_1575,2018-09-01
ID_1577,2016-03-01
ID_1579,2013-10-01
ID_1580,2009-01-01
ID_1581,2010-09-01
ID_1583,2010-12-01
ID_1584,2019-07-01
ID_1585,1994-04-01
ID_1586,2013-03-01
ID_1587,1999-03-01
ID_1588,2010-11-01
ID_1589,2003-10-01
ID_1590,2008-04-01
ID_1591,2001-07-01
ID_1592,2010-01-01
ID_1593,2007-08-01
ID_1594,2015-12-01
ID_1595,2003-10-01
ID_1597,2006-11-01
ID_1598,2013-07-01
ID_1599,2013-07-01
ID_1600,2013-07-01
ID_1601,2018-09-01
ID_1602,2018-09-01
ID_1603,2016-03-01
ID_1604,2016-03-01
ID_1605,2016-03-01
ID_1606,2013-10-01
ID_1607,2013-10-01
ID_1608,2013-10-01
ID_1609,2010-12-01
ID_1610,2018-09-01
ID_1611,2018-09-01
ID_1612,2013-10-01
ID_1613,2013-10-01
ID_1614,2013-10-01
ID_1615,2009-01-29
ID_1616,2000-04-01
ID_1617,2014-12-01
ID_1618,1970-03-01
ID_1619,1995-08-01
ID_1620,1997-05-01
ID_1621,2000-03-01
ID_1622,1999-09-01
ID_1623,1996-02-01
ID_1624,1994-01-01
ID_1625,1979-01-01
ID_1626,2001-07-01
ID_1627,2002-01-01
ID_1628,1998-08-01
ID_1629,2004-10-01
ID_1630,1984-10-01
ID_1631,1991-10-01
ID_1632,1984-10-01
ID_1633,1998-10-01
ID_1634,2007-04-01
ID_1635,2009-05-01
ID_1636,1996-04-01
ID_1637,2008-07-01
ID_1638,2009-05-01
ID_1639,2010-03-01
ID_1640,2009-11-01
ID_1641,2012-07-01
ID_1642,2010-04-01
ID_1643,1998-08-01
ID_1644,2012-12-01
ID_1645,2013-12-01
ID_1647,2014-02-01
ID_1648,2016-03-01
ID_1649,2016-12-01
ID_1650,2018-01-01
ID_1651,2017-09-01
ID_1652,2014-09-01
ID_1653,2008-10-01
ID_1654,2010-11-01
ID_1656,2010-10-01
ID_1657,2019-01-01
ID_1658,2002-09-01
ID_1659,2011-10-01
ID_1660,1999-11-01
ID_1661,2000-05-01
ID_1662,2009-01-01
ID_1663,2006-06-01
ID_1664,2015-04-01
ID_1665,2001-12-01
ID_1666,2016-01-01
ID_1667,2006-11-01
ID_1668,2007-02-01
ID_1669,2014-09-01
ID_1670,2006-02-01
ID_1671,2014-02-01
ID_1672,2014-02-01
ID_1673,2014-02-01
ID_1674,2018-01-01
ID_1675,2018-01-01
ID_1676,2017-09-01
ID_1677,2017-09-01
ID_1678,2017-09-01
ID_1679,2014-09-01
ID_1680,2014-09-01
ID_1681,2014-09-01
ID_1682,2010-10-01
ID_1683,2018-01-01
ID_1684,2018-01-01
ID_1685,2014-09-01
ID_1686,2014-09-01
ID_1687,2014-09-01
ID_1727,1965-01-01
ID_1728,1998-05-01
ID_1729,1956-01-01
ID_1731,1997-09-01
ID_1732,1997-06-01
ID_1733,1998-11-01
ID_1734,1966-01-01
ID_1735,1993-05-01
ID_1736,1975-05-01
ID_1737,1999-04-01
ID_1738,2002-01-01
ID_1739,1998-12-01
ID_1740,2005-07-01
ID_1741,1984-07-01
ID_1742,1990-01-01
ID_1743,2006-12-01
ID_1744,1993-05-01
ID_1745,1984-07-01
ID_1746,1999-01-01
ID_1747,2000-04-01
ID_1748,2005-09-01
ID_1749,2008-04-01
ID_1750,1995-08-01
ID_1751,2018-09-01
ID_1752,2008-09-01
ID_1753,2009-01-01
ID_1754,2010-10-01
ID_1755,2007-06-01
ID_1756,2010-07-01
ID_1757,2010-10-01
ID_1758,1998-12-01
ID_1759,2009-04-01
ID_1760,2011-04-01
ID_1761,2015-07-01
ID_1762,2013-04-01
ID_1763,2014-03-01
ID_1765,2014-01-01
ID_1766,2016-08-01
ID_1767,2012-05-01
ID_1769,2016-04-01
ID_1770,2016-05-01
ID_1771,2006-12-01
ID_1773,2018-10-01
ID_1774,2007-06-01
ID_1775,2017-01-01
ID_1776,2014-11-01
ID_1777,2009-06-01
ID_1778,2010-10-01
ID_1780,2011-04-01
ID_1781,2018-12-01
ID_1782,1993-02-01
ID_1783,2010-07-01
ID_1784,1985-11-01
ID_1785,2003-04-01
ID_1786,2011-01-01
ID_1787,1992-10-01
ID_1788,2000-09-01
ID_1789,2009-06-01
ID_1790,2006-12-01
ID_1791,2016-07-01
ID_1792,2002-02-01
ID_1799,2010-10-01
ID_1800,2013-04-01
ID_1801,2014-03-01
ID_1802,2007-05-01
ID_1803,2014-11-01
ID_1804,2014-01-01
ID_1805,2014-01-01
ID_1806,2014-01-01
ID_1807,2018-10-01
ID_1808,2018-10-01
ID_1809,2017-01-01
ID_1810,2017-01-01
ID_1811,2017-01-01
ID_1812,2014-11-01
ID_1813,2014-11-01
ID_1814,2014-11-01
ID_1815,2011-04-01
ID_1816,2018-10-01
ID_1817,2018-10-01
ID_1818,2014-11-01
ID_1819,2014-11-01
ID_1820,2014-11-01
ID_1821,1975-02-01
ID_1822,1957-10-01
ID_1823,2000-11-01
ID_1824,2007-04-01
ID_1825,2006-05-01
ID_1826,2009-03-01
ID_1827,2009-07-01
ID_1828,1974-02-01
ID_1829,1974-02-01
ID_1830,2002-04-01
ID_1831,2001-12-01
ID_1832,2005-01-01
ID_1833,1986-02-01
ID_1834,1989-07-01
ID_1835,1986-02-01
ID_1836,1989-07-01
ID_1837,2007-03-01
ID_1838,2010-04-01
ID_1839,2010-04-01
ID_1840,2014-12-01
ID_1841,2009-03-01
ID_1842,2015-11-01
ID_1843,2011-09-01
ID_1844,2010-04-01
ID_1845,2015-08-01
ID_1846,2011-11-01
ID_1847,2011-07-01
ID_1848,2011-12-01
ID_1849,2013-11-01
ID_1851,2014-09-01
ID_1853,2016-05-01
ID_1856,2016-06-01
ID_1858,2016-06-01
ID_1859,2009-06-01
ID_1860,2012-11-01
ID_1861,2013-05-01
ID_1863,2010-12-01
ID_1865,2006-11-01
ID_1866,2006-10-01
ID_1868,2010-12-01
ID_1869,2002-12-01
ID_1870,2013-11-01
ID_1871,2010-06-01
ID_1872,2007-10-01
ID_1874,2011-07-01
ID_1875,2011-11-01
ID_1876,2015-02-01
ID_1877,2008-06-01
ID_1878,2009-03-01
ID_1879,2009-03-01
ID_1880,2014-09-01
ID_1881,2014-09-01
ID_1882,2014-09-01
ID_1883,2016-06-01
ID_1884,2016-06-01
ID_1885,2016-06-01
ID_1886,2016-06-01
ID_1887,2016-06-01
ID_1888,2016-06-01
ID_1889,2010-12-01
ID_1890,2010-12-01
ID_1891,2016-06-01
ID_1892,2016-06-01
ID_1893,2016-06-01
ID_1894,1985-07-01
ID_1895,1996-09-01
ID_1896,1996-03-01
ID_1897,1995-10-01
ID_1898,1998-03-01
ID_1899,1998-03-01
ID_1900,2000-06-01
ID_1901,1985-07-01
ID_1902,1991-01-01
ID_1903,2000-03-01
ID_1904,2002-06-01
ID_1905,1998-06-01
ID_1906,2004-09-01
ID_1907,1983-10-01
ID_1908,1992-01-01
ID_1909,1983-10-01
ID_1910,2003-03-01
ID_1911,2007-12-01
ID_1912,2008-01-01
ID_1913,2009-03-01
ID_1914,1997-06-01
ID_1915,2019-06-01
ID_1916,2008-09-01
ID_1917,2009-04-01
ID_1918,2012-02-01
ID_1919,2009-09-01
ID_1920,2013-01-01
ID_1921,2010-12-01
ID_1922,1998-06-01
ID_1923,2014-04-01
ID_1924,2015-04-01
ID_1926,2013-06-01
ID_1927,2015-11-01
ID_1928,2016-03-01
ID_1929,2018-06-01
ID_1930,2007-09-01
ID_1931,2010-12-01
ID_1933,2010-06-01
ID_1934,1996-12-01
ID_1935,2006-03-01
ID_1936,1996-03-01
ID_1937,2003-12-01
ID_1938,2008-06-01
ID_1939,1996-03-01
ID_1940,2003-03-01
ID_1941,2010-03-01
ID_1942,2009-03-01
ID_1943,2017-01-01
ID_1944,2003-06-01
ID_1945,2018-06-01
ID_1946,2016-03-01
ID_1947,2007-03-01
ID_1948,2018-06-01
ID_1949,2007-06-01
ID_1950,2006-12-01
ID_1951,2013-06-01
ID_1952,2013-06-01
ID_1953,2013-06-01
ID_1954,2018-06-01
ID_1955,2018-06-01
ID_1956,2010-06-01
ID_1957,2018-06-01
ID_1958,2018-06-01
ID_1959,1963-01-01
ID_1960,1991-03-01
ID_1961,1954-10-01
ID_1962,1969-01-01
ID_1963,1989-06-01
ID_1964,1997-01-01
ID_1965,1964-01-01
ID_1966,1976-10-01
ID_1967,1998-10-01
ID_1968,2001-11-01
ID_1969,1998-05-01
ID_1970,2004-05-01
ID_1971,1983-09-01
ID_1972,1989-03-01
ID_1973,1983-09-01
ID_1974,1989-03-01
ID_1975,2004-06-01
ID_1976,2007-01-01
ID_1977,2007-09-01
ID_1978,2017-09-01
ID_1979,2007-11-01
ID_1980,2007-11-01
ID_1981,2009-11-01
ID_1982,2007-01-01
ID_1983,2009-08-01
ID_1984,2011-03-01
ID_1985,2009-10-01
ID_1986,1998-05-01
ID_1987,2009-10-01
ID_1988,2012-09-01
ID_1989,2011-09-01
ID_1991,2012-08-01
ID_1992,2011-09-01
ID_1993,2015-11-01
ID_1994,2015-05-01
ID_1995,2017-08-01
ID_1996,2007-01-01
ID_1997,2014-06-01
ID_1998,2013-08-01
ID_1999,2008-06-01
ID_2000,2010-06-01
ID_2002,2010-03-01
ID_2003,1991-04-01
ID_2004,2009-06-01
ID_2005,1983-01-01
ID_2006,1997-11-01
ID_2007,2007-12-01
ID_2008,2000-03-01
ID_2009,2008-11-01
ID_2010,2006-04-01
ID_2011,2014-07-01
ID_2012,2001-11-01
ID_2013,1985-02-01
ID_2014,2009-01-29
ID_2015,1996-11-01
ID_2016,2006-08-01
ID_2017,1995-06-01
ID_2018,2013-08-01
ID_2019,2005-10-01
ID_2020,2012-08-01
ID_2021,2012-08-01
ID_2022,2012-08-01
ID_2023,2017-08-01
ID_2024,2017-08-01
ID_2025,2014-06-01
ID_2026,2014-06-01
ID_2027,2014-06-01
ID_2028,2013-08-01
ID_2029,2013-08-01
ID_2030,2013-08-01
ID_2031,2010-03-01
ID_2032,2017-08-01
ID_2033,2017-08-01
ID_2034,2013-08-01
ID_2035,2013-08-01
ID_2036,2013-08-01
ID_2037,2006-04-01
ID_2038,1990-02-01
ID_2039,1976-01-01
ID_2040,1998-03-01
ID_2041,1998-02-01
ID_2042,1998-06-01
ID_2043,1999-02-01
ID_2044,1988-01-01
ID_2045,1994-03-01
ID_2046,1994-06-01
ID_2047,1998-07-01
ID_2048,2001-08-01
ID_2049,1999-09-01
ID_2050,2004-06-01
ID_2051,2001-09-01
ID_2052,1986-02-01
ID_2053,1990-11-01
ID_2054,2004-06-01
ID_2055,1986-02-01
ID_2056,1990-11-01
ID_2057,2004-07-01
ID_2058,2007-04-01
ID_2059,2008-03-01
ID_2060,1996-12-01
ID_2061,2018-01-01
ID_2062,2008-03-01
ID_2063,2008-04-01
ID_2064,2010-03-01
ID_2065,2006-09-01
ID_2066,2009-09-01
ID_2067,2011-04-01
ID_2068,2009-12-01
ID_2069,1999-09-01
ID_2070,2009-12-01
ID_2071,2015-03-01
ID_2072,2013-01-01
ID_2073,2013-11-01
ID_2075,2012-09-01
ID_2076,2011-11-01
ID_2078,2015-12-01
ID_2079,2015-06-01
ID_2080,2004-06-01
ID_2081,2017-10-01
ID_2082,2006-09-01
ID_2084,2015-10-01
ID_2086,2013-11-01
ID_2087,2008-08-01
ID_2088,2010-08-01
ID_2090,2010-05-01
ID_2091,2018-07-01
ID_2092,2006-08-01
ID_2093,2006-01-01
ID_2094,2010-12-01
ID_2095,2002-11-01
ID_2096,2010-03-01
ID_2097,1984-05-01
ID_2098,1998-12-01
ID_2099,2009-03-01
ID_2100,2006-08-01
ID_2101,2014-12-01
ID_2102,2002-02-01
ID_2103,2005-01-01
ID_2105,2006-09-01
ID_2106,2012-09-01
ID_2107,2012-09-01
ID_2108,2012-09-01
ID_2109,2017-10-01
ID_2110,2017-10-01
ID_2111,2015-10-01
ID_2112,2015-10-01
ID_2113,2015-10-01
ID_2114,2013-11-01
ID_2115,2013-11-01
ID_2116,2013-11-01
ID_2117,2010-05-01
ID_2118,2017-10-01
ID_2119,2017-10-01
ID_2120,2013-11-01
ID_2121,2013-11-01
ID_2122,2006-01-01
ID_2123,1964-04-01
ID_2124,1975-06-01
ID_2125,1966-10-01
ID_2126,1977-04-01
ID_2127,1980-01-01
ID_2128,1998-12-01
ID_2129,2002-02-01
ID_2130,1998-02-01
ID_2131,2009-01-29
ID_2132,2009-05-01
ID_2133,2009-01-29
ID_2134,1999-11-01
ID_2135,2014-08-01
ID_2136,2010-06-01
ID_2137,2009-01-29
ID_2138,2014-10-01
ID_2139,2006-06-01
ID_2140,2009-04-01
ID_2141,2014-10-01
ID_2142,2009-01-29
ID_2143,2014-10-01
ID_2144,2016-02-01
ID_2146,2014-09-01
ID_2147,2018-06-01
ID_2149,2015-10-01
ID_2151,2015-09-01
ID_2152,2007-10-01
ID_2153,2012-04-01
ID_2155,2012-05-01
ID_2156,1990-05-01
ID_2157,1983-07-01
ID_2158,2002-10-01
ID_2159,2003-03-01
ID_2160,2012-10-01
ID_2161,2005-03-01
ID_2162,2006-10-01
ID_2163,2014-09-01
ID_2164,2014-09-01
ID_2165,2014-09-01
ID_2166,2015-10-01
ID_2167,2015-10-01
ID_2168,2015-10-01
ID_2169,2015-09-01
ID_2170,2015-09-01
ID_2171,2015-09-01
ID_2172,2012-05-01
ID_2173,2015-09-01
ID_2174,2015-09-01
ID_2175,2015-09-01
ID_2176,1993-10-01
ID_2177,1996-11-01
ID_2178,1999-04-01
ID_2179,1989-01-01
ID_2180,1997-05-01
ID_2181,1998-05-01
ID_2182,2000-04-01
ID_2183,2009-01-29
ID_2184,1993-08-01
ID_2185,1989-01-01
ID_2186,1999-12-01
ID_2187,2002-05-01
ID_2188,2005-04-01
ID_2189,1994-08-01
ID_2190,2008-03-01
ID_2191,2009-01-29
ID_2192,2010-08-01
ID_2193,2006-11-01
ID_2194,2008-03-01
ID_2195,2008-03-01
ID_2196,2008-04-01
ID_2197,2009-10-01
ID_2198,2007-07-01
ID_2199,2010-09-01
ID_2200,2011-02-01
ID_2201,1999-08-01
ID_2202,2015-03-01
ID_2204,2014-04-01
ID_2205,2016-04-01
ID_2206,2007-12-01
ID_2207,2011-10-01
ID_2209,2011-07-01
ID_2210,1993-01-01
ID_2211,1983-10-01
ID_2212,1999-08-01
ID_2213,2007-11-01
ID_2214,1981-01-01
ID_2215,2001-04-01
ID_2216,2010-06-01
ID_2217,2008-02-01
ID_2218,2016-08-01
ID_2219,2002-08-01
ID_2220,2016-04-01
ID_2222,2018-11-01
ID_2223,2008-03-01
ID_2224,2015-03-01
ID_2225,2009-10-01
ID_2226,2007-03-01
ID_2227,2014-04-01
ID_2228,2014-04-01
ID_2229,2014-04-01
ID_2230,2018-11-01
ID_2231,2018-11-01
ID_2232,2009-01-29
ID_2233,2009-01-29
ID_2234,2009-01-29
ID_2235,2009-01-29
ID_2236,2009-01-29
ID_2237,2009-01-29
ID_2238,2011-07-01
ID_2239,2018-11-01
ID_2240,2018-11-01
ID_2241,2009-01-29
ID_2242,2009-01-29
ID_2243,2009-01-29
ID_2244,1989-04-01
ID_2245,2008-08-01
ID_2246,1974-12-01
ID_2248,1998-08-01
ID_2249,1999-06-01
ID_2250,2003-08-01
ID_2251,1974-12-01
ID_2252,1992-10-01
ID_2253,1987-08-01
ID_2254,1977-01-01
ID_2255,2001-03-01
ID_2256,2002-07-01
ID_2257,2000-08-01
ID_2258,2005-04-01
ID_2259,2002-07-01
ID_2260,1989-01-01
ID_2261,1994-07-01
ID_2262,2008-09-01
ID_2263,1989-01-01
ID_2264,2002-08-01
ID_2265,2007-08-01
ID_2266,2008-08-01
ID_2267,2010-04-01
ID_2268,2009-05-01
ID_2269,2010-12-01
ID_2270,2012-08-01
ID_2271,2008-04-01
ID_2272,2011-08-01
ID_2273,2011-06-01
ID_2274,2000-08-01
ID_2275,2018-10-01
ID_2278,2014-08-01
ID_2279,2018-09-01
ID_2280,2010-03-01
ID_2281,2011-08-01
ID_2282,2012-06-01
ID_2283,1996-02-01
ID_2284,2006-08-01
ID_2285,1986-08-01
ID_2288,2009-06-01
ID_2289,1985-07-01
ID_2290,2001-08-01
ID_2291,2019-06-01
ID_2292,2003-06-01
ID_2294,2018-09-01
ID_2295,2008-03-01
ID_2296,2014-08-01
ID_2297,2014-08-01
ID_2298,2014-08-01
ID_2299,2018-09-01
ID_2300,2018-09-01
ID_2301,2012-06-01
ID_2302,2018-09-01
ID_2303,2018-09-01
ID_2304,2009-01-29
ID_2305,1998-04-01
ID_2306,1996-01-01
ID_2307,1998-07-01
ID_2308,2000-05-01
ID_2309,2009-01-29
ID_2310,1992-10-01
ID_2311,1996-01-01
ID_2312,2002-05-01
ID_2313,2002-01-01
ID_2314,1998-10-01
ID_2315,2004-06-01
ID_2316,1995-06-01
ID_2317,1992-10-01
ID_2318,2005-10-01
ID_2319,1995-06-01
ID_2320,2000-10-01
ID_2321,2002-07-01
ID_2322,2006-03-01
ID_2323,2007-12-01
ID_2324,2008-05-01
ID_2325,2018-02-01
ID_2326,2008-05-01
ID_2327,2010-04-01
ID_2328,2010-05-01
ID_2329,2006-12-01
ID_2330,2009-11-01
ID_2331,2011-04-01
ID_2332,2010-01-01
ID_2333,1998-10-01
ID_2334,2016-08-01
ID_2335,2013-05-01
ID_2336,2014-01-01
ID_2338,2013-04-01
ID_2339,2011-12-01
ID_2341,2016-04-01
ID_2342,2005-10-01
ID_2343,2018-02-01
ID_2345,2016-03-01
ID_2347,2014-11-01
ID_2348,2007-07-01
ID_2349,2010-07-01
ID_2351,2010-07-01
ID_2353,2003-02-01
ID_2354,2010-01-01
ID_2355,2007-01-01
ID_2356,2006-02-01
ID_2357,2011-04-01
ID_2358,2001-07-01
ID_2359,2009-05-01
ID_2360,2006-06-01
ID_2361,2014-10-01
ID_2362,2002-11-01
ID_2363,2009-01-29
ID_2365,2013-04-01
ID_2366,2013-04-01
ID_2367,2013-04-01
ID_2368,2018-02-01
ID_2369,2018-02-01
ID_2370,2016-03-01
ID_2371,2016-03-01
ID_2372,2016-03-01
ID_2373,2014-11-01
ID_2374,2014-11-01
ID_2375,2014-11-01
ID_2376,2010-07-01
ID_2377,2018-02-01
ID_2378,2018-02-01
ID_2379,2014-11-01
ID_2380,2014-11-01
ID_2381,2014-11-01
ID_2382,1983-03-01
ID_2383,2003-12-01
ID_2384,1999-10-01
ID_2385,1967-03-01
ID_2386,2000-09-01
ID_2387,2002-01-01
ID_2388,2004-09-01
ID_2389,2005-01-01
ID_2390,1985-09-01
ID_2391,2005-10-01
ID_2392,1985-09-01
ID_2393,1999-10-01
ID_2394,2000-10-01
ID_2395,2005-06-01
ID_2396,2008-02-01
ID_2397,2008-10-01
ID_2398,2018-01-01
ID_2399,2008-02-01
ID_2400,2008-08-01
ID_2401,2010-03-01
ID_2402,2007-02-01
ID_2403,2010-04-01
ID_2404,2011-03-01
ID_2405,2010-11-01
ID_2406,2014-01-01
ID_2407,2015-06-01
ID_2408,2013-08-01
ID_2409,2013-11-01
ID_2411,2013-04-01
ID_2412,2012-03-01
ID_2414,2015-11-01
ID_2415,2015-02-01
ID_2416,2005-10-01
ID_2417,2017-06-01
ID_2418,2007-02-01
ID_2419,2016-03-01
ID_2420,2013-08-01
ID_2421,2008-09-01
ID_2422,2011-04-01
ID_2424,2012-12-01
ID_2425,2019-07-01
ID_2426,2006-04-01
ID_2427,2009-11-01
ID_2428,1995-07-01
ID_2429,2003-11-01
ID_2430,2012-11-01
ID_2431,2001-04-01
ID_2432,2009-04-01
ID_2433,2016-05-01
ID_2435,2008-10-01
ID_2436,2008-02-01
ID_2437,2015-11-01
ID_2438,2010-03-01
ID_2439,2013-08-01
ID_2440,2013-11-01
ID_2441,2008-08-01
ID_2442,1998-03-01
ID_2443,2002-07-01
ID_2444,1999-02-01
ID_2445,2008-07-01
ID_2446,1993-01-01
ID_2447,1997-10-01
ID_2448,2013-08-01
ID_2449,1976-03-01
ID_2450,2013-04-01
ID_2451,2013-04-01
ID_2452,2013-04-01
ID_2453,2017-06-01
ID_2454,2017-06-01
ID_2455,2016-03-01
ID_2456,2016-03-01
ID_2457,2016-03-01
ID_2458,2013-08-01
ID_2459,2013-08-01
ID_2460,2013-08-01
ID_2461,2012-12-01
ID_2462,2017-06-01
ID_2463,2017-06-01
ID_2464,2013-08-01
ID_2465,2013-08-01
ID_2466,2013-08-01
ID_2467,2009-01-29
ID_2468,2005-01-01
ID_2469,1999-04-01
ID_2470,2009-01-29
ID_2471,2006-03-01
ID_2472,2006-05-01
ID_2473,2009-01-29
ID_2474,2012-06-01
ID_2475,2009-01-29
ID_2476,2007-02-01
ID_2477,2007-10-01
ID_2478,2013-03-01
ID_2479,1998-01-01
ID_2480,2012-11-01
ID_2481,2013-07-01
ID_2482,2013-10-01
ID_2483,2012-01-01
ID_2484,2013-11-01
ID_2485,2013-08-01
ID_2486,1999-04-01
ID_2487,2009-01-29
ID_2488,2015-03-01
ID_2489,2015-11-01
ID_2491,2014-08-01
ID_2492,2014-11-01
ID_2494,2016-05-01
ID_2495,2009-01-29
ID_2497,2017-03-01
ID_2499,2015-07-01
ID_2500,2009-05-01
ID_2501,2011-01-01
ID_2503,2010-07-01
ID_2504,2000-01-01
ID_2505,2009-10-01
ID_2506,2010-08-01
ID_2507,2004-03-01
ID_2508,2011-04-01
ID_2509,2001-07-01
ID_2510,2012-02-01
ID_2511,2008-09-01
ID_2512,2017-10-01
ID_2513,2002-07-01
ID_2515,2014-08-01
ID_2516,2014-08-01
ID_2517,2014-08-01
ID_2518,2009-01-29
ID_2519,2009-01-29
ID_2520,2017-03-01
ID_2521,2017-03-01
ID_2522,2017-03-01
ID_2523,2015-07-01
ID_2524,2015-07-01
ID_2525,2015-07-01
ID_2526,2010-07-01
ID_2527,2009-01-29
ID_2528,2009-01-29
ID_2529,2015-07-01
ID_2530,2015-07-01
ID_2531,2015-07-01
ID_2532,1964-01-01
ID_2533,1999-12-01
ID_2534,2005-06-01
ID_2536,1996-10-01
ID_2537,1998-04-01
ID_2538,1965-07-01
ID_2539,1992-01-01
ID_2540,1981-10-01
ID_2541,1998-10-01
ID_2542,2001-11-01
ID_2543,1998-05-01
ID_2544,2004-05-01
ID_2545,1985-07-01
ID_2546,1989-04-01
ID_2547,2005-10-01
ID_2548,1985-07-01
ID_2549,1999-05-01
ID_2550,2003-07-01
ID_2551,2007-01-01
ID_2552,2007-09-01
ID_2553,2017-09-01
ID_2554,2007-11-01
ID_2555,2007-11-01
ID_2556,2009-11-01
ID_2557,2009-08-01
ID_2558,2011-03-01
ID_2559,1998-05-01
ID_2560,2008-05-01
ID_2561,2010-04-01
ID_2562,2015-01-01
ID_2563,2012-09-01
ID_2564,2013-09-01
ID_2566,2012-08-01
ID_2567,2011-09-01
ID_2569,2015-11-01
ID_2570,2015-05-01
ID_2571,2005-10-01
ID_2572,2017-08-01
ID_2573,2007-01-01
ID_2575,2014-06-01
ID_2577,2013-08-01
ID_2578,2008-06-01
ID_2579,2010-06-01
ID_2581,2010-03-01
ID_2582,2018-07-01
ID_2583,2006-03-01
ID_2584,2009-07-01
ID_2585,2004-09-01
ID_2586,2010-12-01
ID_2587,2002-05-01
ID_2588,2007-12-01
ID_2589,1996-12-01
ID_2590,2000-03-01
ID_2591,2008-11-01
ID_2592,2006-04-01
ID_2593,2014-07-01
ID_2594,2001-11-01
ID_2596,2006-08-01
ID_2597,2012-08-01
ID_2598,2012-08-01
ID_2599,2012-08-01
ID_2600,2017-08-01
ID_2601,2017-08-01
ID_2602,2014-06-01
ID_2603,2014-06-01
ID_2604,2014-06-01
ID_2605,2013-08-01
ID_2606,2013-08-01
ID_2607,2013-08-01
ID_2608,2010-03-01
ID_2609,2017-08-01
ID_2610,2017-08-01
ID_2611,2013-08-01
ID_2612,2013-08-01
ID_2613,1997-01-01
ID_2614,1972-07-01
ID_2615,1988-08-01
ID_2616,1998-06-01
ID_2617,1998-10-01
ID_2618,1999-03-01
ID_2619,1989-10-01
ID_2620,1992-09-01
ID_2621,1983-01-01
ID_2622,1998-12-01
ID_2623,2001-10-01
ID_2624,1998-10-01
ID_2625,2003-12-01
ID_2626,1983-10-01
ID_2627,1990-08-01
ID_2628,1983-10-01
ID_2629,1990-08-01
ID_2630,2006-07-01
ID_2631,2008-03-01
ID_2632,2008-02-01
ID_2633,1996-03-01
ID_2634,2018-09-01
ID_2635,2008-10-01
ID_2636,2009-09-01
ID_2637,2009-05-01
ID_2638,2012-11-01
ID_2639,2011-01-01
ID_2640,1998-10-01
ID_2641,2013-11-01
ID_2642,2014-07-01
ID_2644,2012-06-01
ID_2645,2015-11-01
ID_2646,2014-11-01
ID_2647,2018-02-01
ID_2649,2017-04-01
ID_2651,2015-08-01
ID_2652,2007-10-01
ID_2653,2011-11-01
ID_2655,2011-04-01
ID_2656,2018-10-01
ID_2657,1994-04-01
ID_2658,2004-12-01
ID_2659,1994-04-01
ID_2661,1999-04-01
ID_2662,2017-10-01
ID_2663,2010-03-01
ID_2664,1994-04-01
ID_2665,2000-07-01
ID_2666,2010-12-01
ID_2667,2010-03-01
ID_2668,2016-09-01
ID_2669,2002-10-01
ID_2671,2015-05-01
ID_2672,2007-12-01
ID_2673,2008-01-01
ID_2674,2006-08-01
ID_2675,2012-06-01
ID_2676,2012-06-01
ID_2677,2012-06-01
ID_2678,2018-02-01
ID_2679,2018-02-01
ID_2680,2017-04-01
ID_2681,2017-04-01
ID_2682,2017-04-01
ID_2683,2015-08-01
ID_2684,2015-08-01
ID_2685,2015-08-01
ID_2686,2011-04-01
ID_2687,2018-02-01
ID_2688,2018-02-01
ID_2689,2015-08-01
ID_2690,2015-08-01
ID_2691,2015-08-01
ID_2692,1997-11-01
ID_2694,2000-02-01
ID_2695,1991-10-01
ID_2696,1991-07-01
ID_2697,2000-06-01
ID_2698,2002-04-01
ID_2699,2006-01-01
ID_2700,1989-07-01
ID_2701,1993-01-01
ID_2702,2006-02-01
ID_2703,1989-07-01
ID_2704,2002-09-01
ID_2705,2002-09-01
ID_2706,2005-12-01
ID_2707,2008-09-01
ID_2708,2002-09-01
ID_2709,2019-03-01
ID_2710,2008-07-01
ID_2711,2008-09-01
ID_2712,2010-12-01
ID_2713,2009-10-01
ID_2714,2011-10-01
ID_2715,1999-10-01
ID_2716,2017-05-01
ID_2717,2015-11-01
ID_2718,2013-10-01
ID_2719,2014-06-01
ID_2721,2013-02-01
ID_2722,2013-01-01
ID_2724,2016-09-01
ID_2725,2016-02-01
ID_2726,2006-02-01
ID_2727,2019-06-01
ID_2728,2007-03-01
ID_2731,2016-01-01
ID_2733,2013-11-01
ID_2734,2008-07-01
ID_2735,2010-07-01
ID_2737,2010-06-01
ID_2738,2018-12-01
ID_2739,2006-01-01
ID_2740,2010-09-01
ID_2741,1988-01-01
ID_2742,2006-07-01
ID_2743,2013-01-01
ID_2744,2002-10-01
ID_2745,2012-11-01
ID_2746,2007-01-01
ID_2747,2015-08-01
ID_2748,2003-11-01
ID_2750,2013-02-01
ID_2751,2013-02-01
ID_2752,2013-02-01
ID_2753,2019-06-01
ID_2754,2019-06-01
ID_2755,2016-01-01
ID_2756,2016-01-01
ID_2757,2016-01-01
ID_2758,2013-11-01
ID_2759,2013-11-01
ID_2760,2013-11-01
ID_2761,2010-06-01
ID_2762,2019-06-01
ID_2763,2019-06-01
ID_2764,2013-11-01
ID_2765,2013-11-01
ID_2766,2013-11-01
ID_2767,1980-06-01
ID_2768,2002-08-01
ID_2769,1991-06-01
ID_2770,1998-06-01
ID_2771,1998-07-01
ID_2772,1999-06-01
ID_2773,2009-01-29
ID_2774,1994-01-01
ID_2775,1976-01-01
ID_2776,1999-02-01
ID_2777,2001-11-01
ID_2778,1998-06-01
ID_2779,2003-12-01
ID_2780,1985-09-01
ID_2781,1992-03-01
ID_2782,2006-11-01
ID_2783,1985-09-01
ID_2784,2001-10-01
ID_2785,2005-04-01
ID_2786,2008-04-01
ID_2787,2009-08-01
ID_2788,2006-10-01
ID_2789,1996-01-01
ID_2790,2018-07-01
ID_2791,2008-12-01
ID_2792,2009-09-01
ID_2793,2011-11-01
ID_2794,2007-11-01
ID_2795,2010-10-01
ID_2796,2012-12-01
ID_2797,2011-08-01
ID_2798,2008-05-01
ID_2799,2017-10-01
ID_2800,2015-11-01
ID_2802,2015-01-01
ID_2803,2015-02-01
ID_2804,2016-09-01
ID_2805,2016-11-01
ID_2806,2006-11-01
ID_2807,2018-05-01
ID_2808,2017-11-01
ID_2809,2017-11-01
ID_2810,2018-02-01
ID_2811,2008-10-01
ID_2812,2012-07-01
ID_2814,2012-01-01
ID_2815,2019-09-01
ID_2816,1992-10-01
ID_2817,2005-03-01
ID_2818,1988-04-01
ID_2819,2008-03-01
ID_2820,2000-01-01
ID_2821,2011-03-01
ID_2822,2008-10-01
ID_2823,2017-03-01
ID_2824,2002-02-01
ID_2825,2008-04-01
ID_2826,2009-08-01
ID_2827,2015-01-01
ID_2828,2015-01-01
ID_2829,2015-01-01
ID_2830,2018-05-01
ID_2831,2018-05-01
ID_2832,2017-11-01
ID_2833,2017-11-01
ID_2834,2017-11-01
ID_2835,2018-02-01
ID_2836,2018-02-01
ID_2837,2018-02-01
ID_2838,2012-01-01
ID_2839,2018-05-01
ID_2840,2018-05-01
ID_2841,2018-02-01
ID_2842,2018-02-01
ID_2843,2018-02-01
ID_2844,1988-04-01
ID_2845,1998-01-01
ID_2846,2009-01-29
ID_2847,1992-10-01
ID_2848,1998-08-01
ID_2849,1999-05-01
ID_2850,2000-10-01
ID_2851,1969-06-01
ID_2852,1982-08-01
ID_2853,1980-10-01
ID_2854,2000-11-01
ID_2855,2002-03-01
ID_2856,1999-05-01
ID_2857,2004-03-01
ID_2858,2002-01-01
ID_2859,1986-01-01
ID_2860,1992-04-01
ID_2861,1986-01-01
ID_2862,1992-04-01
ID_2863,2005-11-01
ID_2864,2008-03-01
ID_2865,2010-05-01
ID_2866,2018-11-01
ID_2867,2009-11-01
ID_2868,2011-11-01
ID_2869,2015-04-01
ID_2870,2011-05-01
ID_2871,2015-09-01
ID_2872,2013-03-01
ID_2873,1999-05-01
ID_2874,2013-03-01
ID_2877,2016-04-01
ID_2879,2014-12-01
ID_2882,2016-10-01
ID_2884,2015-03-01
ID_2885,2008-09-01
ID_2886,2011-06-01
ID_2888,2011-02-01
ID_2889,2010-01-01
ID_2890,2008-05-01
ID_2891,1988-04-01
ID_2892,2001-03-01
ID_2894,2011-12-01
ID_2895,2000-01-01
ID_2896,2002-03-01
ID_2897,2011-11-01
ID_2898,2009-10-01
ID_2899,2019-08-01
ID_2900,2002-09-01
ID_2901,2016-08-01
ID_2902,2007-05-01
ID_2903,2008-04-01
ID_2904,2007-01-01
ID_2905,2016-04-01
ID_2906,2016-04-01
ID_2907,2016-04-01
ID_2908,2016-10-01
ID_2909,2016-10-01
ID_2910,2016-10-01
ID_2911,2015-03-01
ID_2912,2015-03-01
ID_2913,2015-03-01
ID_2914,2011-02-01
ID_2915,2015-03-01
ID_2916,2015-03-01
ID_2917,2015-03-01
ID_2918,2009-01-29
ID_2919,2003-08-01
ID_2920,2012-01-01
ID_2921,1993-10-01
ID_2922,1998-08-01
ID_2923,1999-11-01
ID_2924,2001-10-01
ID_2925,1983-03-01
ID_2926,1992-06-01
ID_2927,1983-03-01
ID_2928,1999-11-01
ID_2929,2002-01-01
ID_2930,2000-07-01
ID_2931,2003-12-01
ID_2932,1985-01-01
ID_2933,1990-09-01
ID_2934,1985-01-01
ID_2935,1999-11-01
ID_2936,2008-09-01
ID_2937,2008-07-01
ID_2938,2011-01-01
ID_2939,1996-05-01
ID_2940,2018-11-01
ID_2941,2009-06-01
ID_2942,2012-02-01
ID_2943,2011-12-01
ID_2944,2010-09-01
ID_2945,2012-09-01
ID_2946,2012-02-01
ID_2947,2000-07-01
ID_2948,2015-10-01
ID_2949,2014-03-01
ID_2950,2014-07-01
ID_2952,2014-11-01
ID_2953,2016-09-01
ID_2954,2016-02-01
ID_2955,2014-10-01
ID_2956,2018-01-01
ID_2957,2018-05-01
ID_2958,2018-09-01
ID_2959,2007-06-01
ID_2960,2011-09-01
ID_2962,2010-10-01
ID_2964,1991-05-01
ID_2965,2007-11-01
ID_2966,2009-01-29
ID_2967,2000-05-01
ID_2969,2017-08-01
ID_2970,2010-06-01
ID_2971,1988-08-01
ID_2972,2002-06-01
ID_2973,2011-01-01
ID_2974,2008-08-01
ID_2975,2017-09-01
ID_2976,2002-11-01
ID_2977,2009-01-29
ID_2978,2015-10-01
ID_2979,2007-05-01
ID_2980,2009-04-01
ID_2981,2007-07-01
ID_2982,2014-11-01
ID_2983,2014-11-01
ID_2984,2014-11-01
ID_2985,2018-01-01
ID_2986,2018-01-01
ID_2987,2018-05-01
ID_2988,2018-05-01
ID_2989,2018-05-01
ID_2990,2018-09-01
ID_2991,2018-09-01
ID_2992,2018-09-01
ID_2993,2010-10-01
ID_2994,2018-01-01
ID_2995,2018-01-01
ID_2996,2018-09-01
ID_2997,2018-09-01
ID_2998,2018-09-01
ID_2999,2009-01-29
ID_3000,2000-03-01
ID_3001,1955-06-01
ID_3003,1996-10-01
ID_3004,1996-11-01
ID_3005,2004-07-01
ID_3006,1963-11-01
ID_3007,1991-02-01
ID_3008,1979-01-01
ID_3009,1998-12-01
ID_3010,2001-11-01
ID_3011,2004-09-01
ID_3012,1983-03-01
ID_3013,1989-04-01
ID_3014,2005-11-01
ID_3015,1983-03-01
ID_3016,1998-05-01
ID_3017,2015-03-01
ID_3018,2007-02-01
ID_3019,2008-03-01
ID_3020,1994-01-01
ID_3021,2018-04-01
ID_3022,2008-05-01
ID_3023,2008-03-01
ID_3024,2010-07-01
ID_3025,2009-09-01
ID_3026,2011-04-01
ID_3027,1998-05-01
ID_3028,2009-04-01
ID_3029,2010-01-01
ID_3030,2015-03-01
ID_3031,2012-10-01
ID_3032,2013-11-01
ID_3034,2012-09-01
ID_3035,2011-09-01
ID_3037,2015-10-01
ID_3038,2015-09-01
ID_3039,2005-11-01
ID_3040,2017-04-01
ID_3041,2015-12-01
ID_3042,2014-01-01
ID_3043,2008-06-01
ID_3044,2010-07-01
ID_3046,2010-04-01
ID_3047,2018-08-01
ID_3048,2001-05-01
ID_3049,2010-12-01
ID_3050,2003-03-01
ID_3051,2009-04-01
ID_3052,1999-09-01
ID_3053,2000-04-01
ID_3054,2009-05-01
ID_3055,2006-05-01
ID_3056,2014-08-01
ID_3057,2001-12-01
ID_3058,1996-07-01
ID_3062,2006-09-01
ID_3063,2007-02-01
ID_3064,2014-01-01
ID_3065,2012-09-01
ID_3066,2012-09-01
ID_3067,2012-09-01
ID_3068,2017-04-01
ID_3069,2017-04-01
ID_3070,2015-12-01
ID_3071,2015-12-01
ID_3072,2015-12-01
ID_3073,2014-01-01
ID_3074,2014-01-01
ID_3075,2014-01-01
ID_3076,2010-04-01
ID_3077,2017-04-01
ID_3078,2017-04-01
ID_3079,2014-01-01
ID_3080,2014-01-01
ID_3081,2014-01-01
ID_3082,2009-04-01
ID_3083,2009-04-01
ID_3084,1976-01-01
ID_3085,2000-02-01
ID_3086,1975-07-01
ID_3087,1997-02-01
ID_3088,1997-09-01
ID_3089,1995-07-01
ID_3090,1998-03-01
ID_3091,1976-11-01
ID_3092,1998-06-01
ID_3093,2001-05-01
ID_3094,2004-03-01
ID_3095,1983-12-01
ID_3096,1989-01-01
ID_3097,1983-12-01
ID_3098,1999-01-01
ID_3099,2010-05-01
ID_3100,2007-06-01
ID_3101,2005-12-01
ID_3102,1994-04-01
ID_3103,2017-05-01
ID_3104,2007-11-01
ID_3105,2002-01-01
ID_3107,2010-09-01
ID_3108,2009-05-01
ID_3109,2000-05-01
ID_3110,2009-10-01
ID_3111,2009-09-01
ID_3112,2015-02-01
ID_3114,2015-07-01
ID_3115,2014-05-01
ID_3118,2015-04-01
ID_3121,2007-03-01
ID_3122,2009-11-01
ID_3124,1988-05-01
ID_3125,2011-01-01
ID_3126,2003-05-01
ID_3127,1981-04-01
ID_3128,2012-09-01
ID_3130,2013-01-01
ID_3131,2005-09-01
ID_3132,2008-10-01
ID_3133,1995-10-01
ID_3134,1998-04-01
ID_3135,2013-05-01
ID_3136,2001-03-01
ID_3137,1984-07-01
ID_3140,2003-08-01
ID_3144,2016-07-01
ID_3145,2017-03-01
ID_3146,2017-03-01
ID_3147,2013-06-01
ID_3148,2013-06-01
ID_3149,2013-06-01
ID_3150,2013-06-01
ID_3151,2013-06-01
ID_3152,2013-06-01
ID_3153,2008-11-01
ID_3154,2017-05-01
ID_3155,2017-05-01
ID_3156,2017-03-01
ID_3157,2017-03-01
ID_3158,2013-06-01
ID_3159,2013-06-01
ID_3160,2013-06-01
ID_3161,2009-01-29
ID_3162,1994-04-01
ID_3163,2009-01-29
ID_3164,2009-01-29
ID_3165,1993-06-01
ID_3166,1997-06-01
ID_3167,1997-08-01
ID_3168,1998-06-01
ID_3169,2009-01-29
ID_3170,1992-09-01
ID_3171,1975-09-01
ID_3172,1993-06-01
ID_3173,2000-02-01
ID_3174,2002-05-01
ID_3175,2005-08-01
ID_3176,2003-02-01
ID_3177,1988-01-01
ID_3178,1990-09-01
ID_3179,1988-01-01
ID_3180,1990-09-01
ID_3181,2005-09-01
ID_3182,2009-01-01
ID_3183,2010-11-01
ID_3184,2007-03-01
ID_3185,2007-04-01
ID_3186,1995-02-01
ID_3187,2008-04-01
ID_3188,2012-10-01
ID_3189,2012-11-01
ID_3190,2009-03-01
ID_3191,2012-03-01
ID_3192,2012-10-01
ID_3193,2017-03-01
ID_3194,2016-02-01
ID_3195,2018-04-01
ID_3197,2009-01-29
ID_3198,2018-07-01
ID_3199,2019-10-01
ID_3200,2019-10-01
ID_3201,2010-12-01
ID_3202,2015-07-01
ID_3203,2018-07-01
ID_3204,2009-01-29
ID_3205,2007-01-01
ID_3206,1982-10-01
ID_3208,2003-09-01
ID_3209,2012-01-01
ID_3210,1986-04-01
ID_3211,2003-10-01
ID_3212,2012-09-01
ID_3213,2007-09-01
ID_3214,2003-02-01
ID_3216,2019-10-01
ID_3217,2018-02-01
ID_3218,2014-09-01
ID_3219,2019-10-01
ID_3220,2019-10-01
ID_3221,2009-01-29
ID_3222,2009-01-29
ID_3223,2009-01-29
ID_3224,2009-01-29
ID_3225,2019-10-01
ID_3226,2019-10-01
ID_3227,2019-10-01
ID_3228,2019-10-01
ID_3229,2019-10-01
ID_3230,2019-10-01
ID_3231,2018-07-01
ID_3232,2019-10-01
ID_3233,2019-10-01
ID_3234,2019-10-01
