,cluster_id,cluster_id_anom
0,ID_0,BE_1658
1,ID_1,CARB1025001
2,ID_2,CARB1126001
3,ID_3,CARB1141001
4,ID_4,CARB1245001
5,ID_5,CARB1249001
6,ID_6,CARB1427001
7,ID_7,CARB1450001
8,ID_8,CARB1627001
9,ID_9,CARB1658001
10,ID_10,CARB1677001
11,ID_11,CARB1784001
12,ID_12,CARB1787001
13,ID_13,CARB1804001
14,ID_14,CARB1816001
15,ID_15,CARB2100001
16,ID_16,CARB2101001
17,ID_17,CARB2168001
18,ID_18,CARB2246001
19,ID_19,CARB2248001
20,ID_20,CARB2258001
21,ID_21,CARB2289001
22,ID_22,CARB2293001
23,ID_23,CARB2296001
24,ID_24,CARB2298001
25,ID_25,CARB2316001
26,ID_26,CARB2321001
27,ID_27,CARB2336001
28,ID_28,CARB2350001
29,ID_29,CARB2358001
30,ID_30,CARB2366001
31,ID_31,CARB2367001
32,ID_32,CARB2368001
33,ID_33,CARB2377001
34,ID_34,CARB2377099
35,ID_35,CARB2395001
36,ID_36,CARB2396001
37,ID_37,CARB2412099
38,ID_38,CARB2417001
39,ID_39,CARB2420001
40,ID_40,CARB2420099
41,ID_41,CARB2421001
42,ID_42,CARB2421099
43,ID_43,CARB2422001
44,ID_44,CARB2423001
45,ID_45,CARB2425001
46,ID_46,CARB2425099
47,ID_47,CARB2450001
48,ID_48,CARB2455001
49,ID_49,CARB2458001
50,ID_50,CARB2459001
51,ID_51,CARB2461001
52,ID_52,CARB2462001
53,ID_53,CARB2466001
54,ID_54,CARB2468001
55,ID_55,CARB2475001
56,ID_56,CARB2476001
57,ID_57,CARB2477001
58,ID_58,CARB2478001
59,ID_59,CARB2479001
60,ID_60,CARB2601001
61,ID_61,CARB2614001
62,ID_62,CARBCOSE001
63,ID_63,CARBDIOV001
64,ID_64,CARBEXFO001
65,ID_65,CARBXOLA001
66,ID_66,CARIN237701
67,ID_67,CARIN237702
68,ID_68,CARIN237703
69,ID_69,CARIN241201
70,ID_70,CARIN241202
71,ID_71,CARIN242001
72,ID_72,CARIN242004
73,ID_73,CARIN242005
74,ID_74,CARIN242101
75,ID_75,CARIN242104
76,ID_76,CARIN242105
77,ID_77,CARIN242501
78,ID_78,CARIN259501
79,ID_79,CARIN259502
80,ID_80,CARIN267201
81,ID_81,CARIN267204
82,ID_82,CARIN267205
83,ID_83,CATB1025001
84,ID_84,CATB1126001
85,ID_85,CATB1161001
86,ID_86,CATB1249001
87,ID_87,CATB1427001
88,ID_88,CATB1492001
89,ID_89,CATB1533001
90,ID_90,CATB1627001
91,ID_91,CATB1658001
92,ID_92,CATB1677001
93,ID_93,CATB1784001
94,ID_94,CATB1804001
95,ID_95,CATB1816001
96,ID_96,CATB2017001
97,ID_97,CATB2100001
98,ID_98,CATB2101001
99,ID_99,CATB2128001
100,ID_100,CATB2168001
101,ID_101,CATB2244001
102,ID_102,CATB2246001
103,ID_103,CATB2258001
104,ID_104,CATB2272001
105,ID_105,CATB2289001
106,ID_106,CATB2293001
107,ID_107,CATB2298001
108,ID_108,CATB2316001
109,ID_109,CATB2336001
110,ID_110,CATB2344001
111,ID_111,CATB2350001
112,ID_112,CATB2358001
113,ID_113,CATB2365001
114,ID_114,CATB2367001
115,ID_115,CATB2368001
116,ID_116,CATB2377001
117,ID_117,CATB2377099
118,ID_118,CATB2378001
119,ID_119,CATB2387001
120,ID_120,CATB2395001
121,ID_121,CATB2402001
122,ID_122,CATB2412099
123,ID_123,CATB2415001
124,ID_124,CATB2420001
125,ID_125,CATB2420099
126,ID_126,CATB2421001
127,ID_127,CATB2421099
128,ID_128,CATB2422001
129,ID_129,CATB2423001
130,ID_130,CATB2425001
131,ID_131,CATB2425099
132,ID_132,CATB2450001
133,ID_133,CATB2455001
134,ID_134,CATB2459001
135,ID_135,CATB2460001
136,ID_136,CATB2466001
137,ID_137,CATB2475001
138,ID_138,CATB2476001
139,ID_139,CATB2477001
140,ID_140,CATB2478001
141,ID_141,CATB2479001
142,ID_142,CATB2535001
143,ID_143,CATBDIOV001
144,ID_144,CATBEXJA001
145,ID_145,CATIN237701
146,ID_146,CATIN237702
147,ID_147,CATIN237703
148,ID_148,CATIN241201
149,ID_149,CATIN241202
150,ID_150,CATIN242001
151,ID_151,CATIN242004
152,ID_152,CATIN242005
153,ID_153,CATIN242101
154,ID_154,CATIN242104
155,ID_155,CATIN242105
156,ID_156,CATIN242501
157,ID_157,CATIN259501
158,ID_158,CATIN259502
159,ID_159,CATIN267201
160,ID_160,CATIN267204
161,ID_161,CATIN267205
162,ID_162,CAUB1126001
163,ID_163,CAUB1141001
164,ID_164,CAUB1146001
165,ID_165,CAUB1161001
166,ID_166,CAUB1177001
167,ID_167,CAUB1249001
168,ID_168,CAUB1262001
169,ID_169,CAUB1427001
170,ID_170,CAUB1450001
171,ID_171,CAUB1480001
172,ID_172,CAUB1533001
173,ID_173,CAUB1627001
174,ID_174,CAUB1658001
175,ID_175,CAUB1677001
176,ID_176,CAUB1784001
177,ID_177,CAUB1804001
178,ID_178,CAUB1816001
179,ID_179,CAUB2100001
180,ID_180,CAUB2101001
181,ID_181,CAUB2168001
182,ID_182,CAUB2244001
183,ID_183,CAUB2246001
184,ID_184,CAUB2258001
185,ID_185,CAUB2272001
186,ID_186,CAUB2289001
187,ID_187,CAUB2293001
188,ID_188,CAUB2296001
189,ID_189,CAUB2316001
190,ID_190,CAUB2336001
191,ID_191,CAUB2344001
192,ID_192,CAUB2350001
193,ID_193,CAUB2365001
194,ID_194,CAUB2367001
195,ID_195,CAUB2368001
196,ID_196,CAUB2377001
197,ID_197,CAUB2377099
198,ID_198,CAUB2387001
199,ID_199,CAUB2395001
200,ID_200,CAUB2396001
201,ID_201,CAUB2412099
202,ID_202,CAUB2420001
203,ID_203,CAUB2420099
204,ID_204,CAUB2421001
205,ID_205,CAUB2421099
206,ID_206,CAUB2422001
207,ID_207,CAUB2423001
208,ID_208,CAUB2425001
209,ID_209,CAUB2425099
210,ID_210,CAUB2440001
211,ID_211,CAUB2450001
212,ID_212,CAUB2459001
213,ID_213,CAUB2460001
214,ID_214,CAUB2461001
215,ID_215,CAUB2464001
216,ID_216,CAUB2465001
217,ID_217,CAUB2468001
218,ID_218,CAUB2475001
219,ID_219,CAUB2476001
220,ID_220,CAUB2477001
221,ID_221,CAUB2478001
222,ID_222,CAUB2479001
223,ID_223,CAUB2480001
224,ID_224,CAUB2484001
225,ID_225,CAUB2486001
226,ID_226,CAUB2535001
227,ID_227,CAUBEXJA001
228,ID_228,CAUBLUCE001
229,ID_229,CAUBXOLA001
230,ID_230,CAUIN237701
231,ID_231,CAUIN237702
232,ID_232,CAUIN237703
233,ID_233,CAUIN241201
234,ID_234,CAUIN241202
235,ID_235,CAUIN242001
236,ID_236,CAUIN242004
237,ID_237,CAUIN242005
238,ID_238,CAUIN242101
239,ID_239,CAUIN242104
240,ID_240,CAUIN242105
241,ID_241,CAUIN242501
242,ID_242,CAUIN259501
243,ID_243,CAUIN259502
244,ID_244,CAUIN267201
245,ID_245,CAUIN267204
246,ID_246,CAUIN267205
247,ID_247,CA_1025
248,ID_248,CA_1658
249,ID_249,CA_1787
250,ID_250,CA_2248
251,ID_251,CBDB1126001
252,ID_252,CBDB1161001
253,ID_253,CBDB1177001
254,ID_254,CBDB1249001
255,ID_255,CBDB1262001
256,ID_256,CBDB1427001
257,ID_257,CBDB1533001
258,ID_258,CBDB1627001
259,ID_259,CBDB1658001
260,ID_260,CBDB1677001
261,ID_261,CBDB1753001
262,ID_262,CBDB1784001
263,ID_263,CBDB1787001
264,ID_264,CBDB1816001
265,ID_265,CBDB2100001
266,ID_266,CBDB2101001
267,ID_267,CBDB2168001
268,ID_268,CBDB2244001
269,ID_269,CBDB2246001
270,ID_270,CBDB2258001
271,ID_271,CBDB2289001
272,ID_272,CBDB2293001
273,ID_273,CBDB2312001
274,ID_274,CBDB2350001
275,ID_275,CBDB2367001
276,ID_276,CBDB2368001
277,ID_277,CBDB2395001
278,ID_278,CBDB2422001
279,ID_279,CBDB2423001
280,ID_280,CBDB2425001
281,ID_281,CBDB2425099
282,ID_282,CBDBCOSE001
283,ID_283,CBDBLUCE001
284,ID_284,CBDBXOLA001
285,ID_285,CBDIN242501
286,ID_286,CBEB1025001
287,ID_287,CBEB1126001
288,ID_288,CBEB1141001
289,ID_289,CBEB1161001
290,ID_290,CBEB1177001
291,ID_291,CBEB1249001
292,ID_292,CBEB1262001
293,ID_293,CBEB1427001
294,ID_294,CBEB1450001
295,ID_295,CBEB1533001
296,ID_296,CBEB1627001
297,ID_297,CBEB1658001
298,ID_298,CBEB1677001
299,ID_299,CBEB1784001
300,ID_300,CBEB1804001
301,ID_301,CBEB1816001
302,ID_302,CBEB2017001
303,ID_303,CBEB2100001
304,ID_304,CBEB2101001
305,ID_305,CBEB2128001
306,ID_306,CBEB2168001
307,ID_307,CBEB2244001
308,ID_308,CBEB2246001
309,ID_309,CBEB2258001
310,ID_310,CBEB2272001
311,ID_311,CBEB2289001
312,ID_312,CBEB2293001
313,ID_313,CBEB2296001
314,ID_314,CBEB2316001
315,ID_315,CBEB2336001
316,ID_316,CBEB2344001
317,ID_317,CBEB2350001
318,ID_318,CBEB2358001
319,ID_319,CBEB2365001
320,ID_320,CBEB2367001
321,ID_321,CBEB2368001
322,ID_322,CBEB2377001
323,ID_323,CBEB2377099
324,ID_324,CBEB2378001
325,ID_325,CBEB2387001
326,ID_326,CBEB2395001
327,ID_327,CBEB2402001
328,ID_328,CBEB2412099
329,ID_329,CBEB2415001
330,ID_330,CBEB2420001
331,ID_331,CBEB2420099
332,ID_332,CBEB2421001
333,ID_333,CBEB2421099
334,ID_334,CBEB2422001
335,ID_335,CBEB2423001
336,ID_336,CBEB2425001
337,ID_337,CBEB2425099
338,ID_338,CBEB2450001
339,ID_339,CBEB2455001
340,ID_340,CBEB2458001
341,ID_341,CBEB2459001
342,ID_342,CBEB2460001
343,ID_343,CBEB2461001
344,ID_344,CBEB2466001
345,ID_345,CBEB2468001
346,ID_346,CBEB2475001
347,ID_347,CBEB2476001
348,ID_348,CBEB2477001
349,ID_349,CBEB2478001
350,ID_350,CBEB2479001
351,ID_351,CBEB2480001
352,ID_352,CBEB2484001
353,ID_353,CBEB2499001
354,ID_354,CBEB2535001
355,ID_355,CBEBEXJA001
356,ID_356,CBEIN237701
357,ID_357,CBEIN237702
358,ID_358,CBEIN237703
359,ID_359,CBEIN241201
360,ID_360,CBEIN241202
361,ID_361,CBEIN242001
362,ID_362,CBEIN242004
363,ID_363,CBEIN242005
364,ID_364,CBEIN242101
365,ID_365,CBEIN242104
366,ID_366,CBEIN242105
367,ID_367,CBEIN242501
368,ID_368,CBEIN259501
369,ID_369,CBEIN259502
370,ID_370,CBEIN267201
371,ID_371,CBEIN267204
372,ID_372,CBEIN267205
373,ID_373,CBRB1025001
374,ID_374,CBRB1030001
375,ID_375,CBRB1126001
376,ID_376,CBRB1141001
377,ID_377,CBRB1161001
378,ID_378,CBRB1177001
379,ID_379,CBRB1249001
380,ID_380,CBRB1262001
381,ID_381,CBRB1427001
382,ID_382,CBRB1480001
383,ID_383,CBRB1533001
384,ID_384,CBRB1627001
385,ID_385,CBRB1658001
386,ID_386,CBRB1677001
387,ID_387,CBRB1753001
388,ID_388,CBRB1784001
389,ID_389,CBRB1787001
390,ID_390,CBRB1804001
391,ID_391,CBRB1816001
392,ID_392,CBRB2100001
393,ID_393,CBRB2101001
394,ID_394,CBRB2128001
395,ID_395,CBRB2168001
396,ID_396,CBRB2244001
397,ID_397,CBRB2248001
398,ID_398,CBRB2272001
399,ID_399,CBRB2289001
400,ID_400,CBRB2296001
401,ID_401,CBRB2316001
402,ID_402,CBRB2336001
403,ID_403,CBRB2344001
404,ID_404,CBRB2350001
405,ID_405,CBRB2358001
406,ID_406,CBRB2367001
407,ID_407,CBRB2368001
408,ID_408,CBRB2377001
409,ID_409,CBRB2377099
410,ID_410,CBRB2395001
411,ID_411,CBRB2412099
412,ID_412,CBRB2420099
413,ID_413,CBRB2421099
414,ID_414,CBRB2422001
415,ID_415,CBRB2423001
416,ID_416,CBRB2425001
417,ID_417,CBRB2425099
418,ID_418,CBRB2455001
419,ID_419,CBRB2458001
420,ID_420,CBRB2459001
421,ID_421,CBRB2460001
422,ID_422,CBRB2461001
423,ID_423,CBRB2462001
424,ID_424,CBRB2466001
425,ID_425,CBRB2475001
426,ID_426,CBRB2476001
427,ID_427,CBRB2477001
428,ID_428,CBRB2478001
429,ID_429,CBRB2479001
430,ID_430,CBRB2480001
431,ID_431,CBRBCOSE001
432,ID_432,CBRBGALV001
433,ID_433,CBRBLUCE001
434,ID_434,CBRBTAFI001
435,ID_435,CBRBXOLA001
436,ID_436,CBRIN237701
437,ID_437,CBRIN237702
438,ID_438,CBRIN237703
439,ID_439,CBRIN241201
440,ID_440,CBRIN241202
441,ID_441,CBRIN242001
442,ID_442,CBRIN242004
443,ID_443,CBRIN242005
444,ID_444,CBRIN242101
445,ID_445,CBRIN242104
446,ID_446,CBRIN242105
447,ID_447,CBRIN242501
448,ID_448,CBRIN259501
449,ID_449,CBRIN259502
450,ID_450,CBRIN267201
451,ID_451,CBRIN267204
452,ID_452,CBRIN267205
453,ID_453,CCAB1025001
454,ID_454,CCAB1126001
455,ID_455,CCAB1141001
456,ID_456,CCAB1161001
457,ID_457,CCAB1177001
458,ID_458,CCAB1249001
459,ID_459,CCAB1262001
460,ID_460,CCAB1427001
461,ID_461,CCAB1450001
462,ID_462,CCAB1627001
463,ID_463,CCAB1658001
464,ID_464,CCAB1677001
465,ID_465,CCAB1784001
466,ID_466,CCAB1787001
467,ID_467,CCAB1804001
468,ID_468,CCAB1816001
469,ID_469,CCAB2017001
470,ID_470,CCAB2073001
471,ID_471,CCAB2100001
472,ID_472,CCAB2101001
473,ID_473,CCAB2248001
474,ID_474,CCAB2272001
475,ID_475,CCAB2289001
476,ID_476,CCAB2296001
477,ID_477,CCAB2316001
478,ID_478,CCAB2336001
479,ID_479,CCAB2350001
480,ID_480,CCAB2353001
481,ID_481,CCAB2358001
482,ID_482,CCAB2365001
483,ID_483,CCAB2367001
484,ID_484,CCAB2368001
485,ID_485,CCAB2377001
486,ID_486,CCAB2377099
487,ID_487,CCAB2387001
488,ID_488,CCAB2395001
489,ID_489,CCAB2396001
490,ID_490,CCAB2402001
491,ID_491,CCAB2412099
492,ID_492,CCAB2417001
493,ID_493,CCAB2420099
494,ID_494,CCAB2421099
495,ID_495,CCAB2422001
496,ID_496,CCAB2423001
497,ID_497,CCAB2425001
498,ID_498,CCAB2425099
499,ID_499,CCAB2450001
500,ID_500,CCAB2455001
501,ID_501,CCAB2458001
502,ID_502,CCAB2459001
503,ID_503,CCAB2460001
504,ID_504,CCAB2461001
505,ID_505,CCAB2462001
506,ID_506,CCAB2463001
507,ID_507,CCAB2465001
508,ID_508,CCAB2466001
509,ID_509,CCAB2467001
510,ID_510,CCAB2468001
511,ID_511,CCAB2469001
512,ID_512,CCAB2475001
513,ID_513,CCAB2476001
514,ID_514,CCAB2477001
515,ID_515,CCAB2478001
516,ID_516,CCAB2479001
517,ID_517,CCAB2480001
518,ID_518,CCAB2486001
519,ID_519,CCAB2535001
520,ID_520,CCABLUCE001
521,ID_521,CCABTAFI001
522,ID_522,CCAIN237701
523,ID_523,CCAIN237702
524,ID_524,CCAIN237703
525,ID_525,CCAIN241201
526,ID_526,CCAIN241202
527,ID_527,CCAIN242001
528,ID_528,CCAIN242004
529,ID_529,CCAIN242005
530,ID_530,CCAIN242101
531,ID_531,CCAIN242104
532,ID_532,CCAIN242105
533,ID_533,CCAIN242501
534,ID_534,CCAIN259501
535,ID_535,CCAIN259502
536,ID_536,CCAIN267201
537,ID_537,CCAIN267204
538,ID_538,CCAIN267205
539,ID_539,CCHB1025001
540,ID_540,CCHB1126001
541,ID_541,CCHB1141001
542,ID_542,CCHB1146001
543,ID_543,CCHB1161001
544,ID_544,CCHB1249001
545,ID_545,CCHB1427001
546,ID_546,CCHB1450001
547,ID_547,CCHB1533001
548,ID_548,CCHB1627001
549,ID_549,CCHB1658001
550,ID_550,CCHB1677001
551,ID_551,CCHB1784001
552,ID_552,CCHB1787001
553,ID_553,CCHB1804001
554,ID_554,CCHB1816001
555,ID_555,CCHB2017001
556,ID_556,CCHB2100001
557,ID_557,CCHB2101001
558,ID_558,CCHB2128001
559,ID_559,CCHB2168001
560,ID_560,CCHB2244001
561,ID_561,CCHB2272001
562,ID_562,CCHB2289001
563,ID_563,CCHB2295001
564,ID_564,CCHB2296001
565,ID_565,CCHB2316001
566,ID_566,CCHB2336001
567,ID_567,CCHB2344001
568,ID_568,CCHB2350001
569,ID_569,CCHB2358001
570,ID_570,CCHB2365001
571,ID_571,CCHB2367001
572,ID_572,CCHB2368001
573,ID_573,CCHB2377001
574,ID_574,CCHB2377099
575,ID_575,CCHB2378001
576,ID_576,CCHB2387001
577,ID_577,CCHB2395001
578,ID_578,CCHB2396001
579,ID_579,CCHB2402001
580,ID_580,CCHB2404001
581,ID_581,CCHB2412099
582,ID_582,CCHB2420099
583,ID_583,CCHB2421099
584,ID_584,CCHB2422001
585,ID_585,CCHB2423001
586,ID_586,CCHB2425001
587,ID_587,CCHB2425099
588,ID_588,CCHB2450001
589,ID_589,CCHB2455001
590,ID_590,CCHB2458001
591,ID_591,CCHB2459001
592,ID_592,CCHB2460001
593,ID_593,CCHB2461001
594,ID_594,CCHB2464001
595,ID_595,CCHB2466001
596,ID_596,CCHB2468001
597,ID_597,CCHB2475001
598,ID_598,CCHB2476001
599,ID_599,CCHB2478001
600,ID_600,CCHB2480001
601,ID_601,CCHB2486001
602,ID_602,CCHB2505001
603,ID_603,CCHB2535001
604,ID_604,CCHBCOMT001
605,ID_605,CCHBDIOV001
606,ID_606,CCHBDUOT001
607,ID_607,CCHBEXJA001
608,ID_608,CCHBGALV001
609,ID_609,CCHBLUCE001
610,ID_610,CCHBTAFI001
611,ID_611,CCHIN237701
612,ID_612,CCHIN237702
613,ID_613,CCHIN237703
614,ID_614,CCHIN241201
615,ID_615,CCHIN241202
616,ID_616,CCHIN242001
617,ID_617,CCHIN242004
618,ID_618,CCHIN242005
619,ID_619,CCHIN242101
620,ID_620,CCHIN242104
621,ID_621,CCHIN242105
622,ID_622,CCHIN242501
623,ID_623,CCHIN259501
624,ID_624,CCHIN259502
625,ID_625,CCHIN267201
626,ID_626,CCHIN267204
627,ID_627,CCHIN267205
628,ID_628,CCLB1126001
629,ID_629,CCLB1141001
630,ID_630,CCLB1249001
631,ID_631,CCLB1427001
632,ID_632,CCLB1450001
633,ID_633,CCLB1627001
634,ID_634,CCLB1658001
635,ID_635,CCLB1677001
636,ID_636,CCLB1784001
637,ID_637,CCLB1787001
638,ID_638,CCLB1804001
639,ID_639,CCLB1816001
640,ID_640,CCLB2100001
641,ID_641,CCLB2101001
642,ID_642,CCLB2168001
643,ID_643,CCLB2248001
644,ID_644,CCLB2289001
645,ID_645,CCLB2298001
646,ID_646,CCLB2316001
647,ID_647,CCLB2336001
648,ID_648,CCLB2350001
649,ID_649,CCLB2358001
650,ID_650,CCLB2368001
651,ID_651,CCLB2377001
652,ID_652,CCLB2377099
653,ID_653,CCLB2382001
654,ID_654,CCLB2395001
655,ID_655,CCLB2396001
656,ID_656,CCLB2412099
657,ID_657,CCLB2420099
658,ID_658,CCLB2421099
659,ID_659,CCLB2422001
660,ID_660,CCLB2423001
661,ID_661,CCLB2425001
662,ID_662,CCLB2425099
663,ID_663,CCLB2455001
664,ID_664,CCLB2458001
665,ID_665,CCLB2459001
666,ID_666,CCLB2461001
667,ID_667,CCLB2462001
668,ID_668,CCLB2466001
669,ID_669,CCLB2475001
670,ID_670,CCLB2476001
671,ID_671,CCLB2477001
672,ID_672,CCLB2478001
673,ID_673,CCLB2479001
674,ID_674,CCLB2480001
675,ID_675,CCLBCOSE001
676,ID_676,CCLBDIOV001
677,ID_677,CCLBEXFO001
678,ID_678,CCLBGALV001
679,ID_679,CCLBTAFI001
680,ID_680,CCLBXOLA001
681,ID_681,CCLIN237701
682,ID_682,CCLIN237702
683,ID_683,CCLIN237703
684,ID_684,CCLIN241201
685,ID_685,CCLIN241202
686,ID_686,CCLIN242001
687,ID_687,CCLIN242004
688,ID_688,CCLIN242005
689,ID_689,CCLIN242101
690,ID_690,CCLIN242104
691,ID_691,CCLIN242105
692,ID_692,CCLIN242501
693,ID_693,CCLIN259501
694,ID_694,CCLIN259502
695,ID_695,CCLIN267201
696,ID_696,CCLIN267204
697,ID_697,CCLIN267205
698,ID_698,CCNB1025001
699,ID_699,CCNB1092001
700,ID_700,CCNB1126001
701,ID_701,CCNB1177001
702,ID_702,CCNB1249001
703,ID_703,CCNB1262001
704,ID_704,CCNB1427001
705,ID_705,CCNB1492001
706,ID_706,CCNB1533001
707,ID_707,CCNB1622001
708,ID_708,CCNB1627001
709,ID_709,CCNB1658001
710,ID_710,CCNB1677001
711,ID_711,CCNB1753001
712,ID_712,CCNB1784001
713,ID_713,CCNB1804001
714,ID_714,CCNB2017001
715,ID_715,CCNB2100001
716,ID_716,CCNB2101001
717,ID_717,CCNB2244001
718,ID_718,CCNB2246001
719,ID_719,CCNB2248001
720,ID_720,CCNB2258001
721,ID_721,CCNB2268001
722,ID_722,CCNB2289001
723,ID_723,CCNB2293001
724,ID_724,CCNB2296001
725,ID_725,CCNB2298001
726,ID_726,CCNB2316001
727,ID_727,CCNB2350001
728,ID_728,CCNB2365001
729,ID_729,CCNB2368001
730,ID_730,CCNB2377099
731,ID_731,CCNB2395001
732,ID_732,CCNB2396001
733,ID_733,CCNB2415001
734,ID_734,CCNB2423001
735,ID_735,CCNB2425099
736,ID_736,CCNB2455001
737,ID_737,CCNB2458001
738,ID_738,CCNB2459001
739,ID_739,CCNB2461001
740,ID_740,CCNB2475001
741,ID_741,CCNB2476001
742,ID_742,CCNB2477001
743,ID_743,CCNB2479001
744,ID_744,CCNIN237701
745,ID_745,CCNIN237702
746,ID_746,CCNIN237703
747,ID_747,CCNIN242501
748,ID_748,CCOB1126001
749,ID_749,CCOB1249001
750,ID_750,CCOB1427001
751,ID_751,CCOB1480001
752,ID_752,CCOB1533001
753,ID_753,CCOB1627001
754,ID_754,CCOB1658001
755,ID_755,CCOB1677001
756,ID_756,CCOB1784001
757,ID_757,CCOB1787001
758,ID_758,CCOB1804001
759,ID_759,CCOB1816001
760,ID_760,CCOB2100001
761,ID_761,CCOB2101001
762,ID_762,CCOB2168001
763,ID_763,CCOB2246001
764,ID_764,CCOB2289001
765,ID_765,CCOB2293001
766,ID_766,CCOB2296001
767,ID_767,CCOB2298001
768,ID_768,CCOB2316001
769,ID_769,CCOB2336001
770,ID_770,CCOB2350001
771,ID_771,CCOB2358001
772,ID_772,CCOB2367001
773,ID_773,CCOB2368001
774,ID_774,CCOB2377001
775,ID_775,CCOB2377099
776,ID_776,CCOB2395001
777,ID_777,CCOB2415001
778,ID_778,CCOB2422001
779,ID_779,CCOB2423001
780,ID_780,CCOB2425001
781,ID_781,CCOB2425099
782,ID_782,CCOB2455001
783,ID_783,CCOB2458001
784,ID_784,CCOB2461001
785,ID_785,CCOB2466001
786,ID_786,CCOB2476001
787,ID_787,CCOB2477001
788,ID_788,CCOB2478001
789,ID_789,CCOBCOSE001
790,ID_790,CCOBDIOV001
791,ID_791,CCOBEXFO001
792,ID_792,CCOBEXJA001
793,ID_793,CCOBXOLA001
794,ID_794,CCOIN237701
795,ID_795,CCOIN237702
796,ID_796,CCOIN237703
797,ID_797,CCOIN242501
798,ID_798,CCZB1025001
799,ID_799,CCZB1427001
800,ID_800,CCZB1450001
801,ID_801,CCZB1533001
802,ID_802,CCZB1627001
803,ID_803,CCZB1658001
804,ID_804,CCZB1677001
805,ID_805,CCZB1784001
806,ID_806,CCZB1804001
807,ID_807,CCZB1816001
808,ID_808,CCZB2017001
809,ID_809,CCZB2100001
810,ID_810,CCZB2101001
811,ID_811,CCZB2128001
812,ID_812,CCZB2168001
813,ID_813,CCZB2246001
814,ID_814,CCZB2258001
815,ID_815,CCZB2272001
816,ID_816,CCZB2289001
817,ID_817,CCZB2293001
818,ID_818,CCZB2296001
819,ID_819,CCZB2298001
820,ID_820,CCZB2316001
821,ID_821,CCZB2336001
822,ID_822,CCZB2350001
823,ID_823,CCZB2358001
824,ID_824,CCZB2365001
825,ID_825,CCZB2367001
826,ID_826,CCZB2368001
827,ID_827,CCZB2377001
828,ID_828,CCZB2377099
829,ID_829,CCZB2378001
830,ID_830,CCZB2387001
831,ID_831,CCZB2395001
832,ID_832,CCZB2396001
833,ID_833,CCZB2402001
834,ID_834,CCZB2412099
835,ID_835,CCZB2415001
836,ID_836,CCZB2420099
837,ID_837,CCZB2421001
838,ID_838,CCZB2421099
839,ID_839,CCZB2422001
840,ID_840,CCZB2423001
841,ID_841,CCZB2425001
842,ID_842,CCZB2425099
843,ID_843,CCZB2450001
844,ID_844,CCZB2455001
845,ID_845,CCZB2458001
846,ID_846,CCZB2459001
847,ID_847,CCZB2461001
848,ID_848,CCZB2466001
849,ID_849,CCZB2475001
850,ID_850,CCZB2476001
851,ID_851,CCZB2477001
852,ID_852,CCZB2478001
853,ID_853,CCZB2479001
854,ID_854,CCZB2480001
855,ID_855,CCZB2535001
856,ID_856,CCZBEXJA001
857,ID_857,CCZIN237701
858,ID_858,CCZIN237702
859,ID_859,CCZIN237703
860,ID_860,CCZIN241201
861,ID_861,CCZIN241202
862,ID_862,CCZIN242001
863,ID_863,CCZIN242004
864,ID_864,CCZIN242005
865,ID_865,CCZIN242101
866,ID_866,CCZIN242104
867,ID_867,CCZIN242105
868,ID_868,CCZIN242501
869,ID_869,CCZIN242502
870,ID_870,CCZIN259501
871,ID_871,CCZIN259502
872,ID_872,CCZIN267201
873,ID_873,CCZIN267204
874,ID_874,CCZIN267205
875,ID_875,CDEB1025001
876,ID_876,CDEB1030001
877,ID_877,CDEB1126001
878,ID_878,CDEB1141001
879,ID_879,CDEB1177001
880,ID_880,CDEB1249001
881,ID_881,CDEB1262001
882,ID_882,CDEB1427001
883,ID_883,CDEB1450001
884,ID_884,CDEB1533001
885,ID_885,CDEB1627001
886,ID_886,CDEB1658001
887,ID_887,CDEB1677001
888,ID_888,CDEB1753001
889,ID_889,CDEB1784001
890,ID_890,CDEB1804001
891,ID_891,CDEB1816001
892,ID_892,CDEB2017001
893,ID_893,CDEB2100001
894,ID_894,CDEB2101001
895,ID_895,CDEB2128001
896,ID_896,CDEB2168001
897,ID_897,CDEB2244001
898,ID_898,CDEB2246001
899,ID_899,CDEB2258001
900,ID_900,CDEB2272001
901,ID_901,CDEB2289001
902,ID_902,CDEB2293001
903,ID_903,CDEB2296001
904,ID_904,CDEB2316001
905,ID_905,CDEB2336001
906,ID_906,CDEB2344001
907,ID_907,CDEB2350001
908,ID_908,CDEB2353001
909,ID_909,CDEB2358001
910,ID_910,CDEB2365001
911,ID_911,CDEB2367001
912,ID_912,CDEB2368001
913,ID_913,CDEB2377001
914,ID_914,CDEB2377099
915,ID_915,CDEB2378001
916,ID_916,CDEB2387001
917,ID_917,CDEB2395001
918,ID_918,CDEB2396001
919,ID_919,CDEB2402001
920,ID_920,CDEB2412099
921,ID_921,CDEB2420099
922,ID_922,CDEB2421099
923,ID_923,CDEB2422001
924,ID_924,CDEB2423001
925,ID_925,CDEB2425001
926,ID_926,CDEB2425099
927,ID_927,CDEB2450001
928,ID_928,CDEB2455001
929,ID_929,CDEB2458001
930,ID_930,CDEB2459001
931,ID_931,CDEB2460001
932,ID_932,CDEB2461001
933,ID_933,CDEB2466001
934,ID_934,CDEB2468001
935,ID_935,CDEB2475001
936,ID_936,CDEB2476001
937,ID_937,CDEB2477001
938,ID_938,CDEB2478001
939,ID_939,CDEB2479001
940,ID_940,CDEB2480001
941,ID_941,CDEB2484001
942,ID_942,CDEB2535001
943,ID_943,CDEB2544099
944,ID_944,CDEB2601001
945,ID_945,CDEB2602001
946,ID_946,CDEB2603001
947,ID_947,CDEB2604001
948,ID_948,CDEB2605001
949,ID_949,CDEB2614001
950,ID_950,CDEBEXJA001
951,ID_951,CDEBLUCE001
952,ID_952,CDEBTAFI001
953,ID_953,CDEIN237701
954,ID_954,CDEIN237702
955,ID_955,CDEIN237703
956,ID_956,CDEIN241201
957,ID_957,CDEIN241202
958,ID_958,CDEIN242001
959,ID_959,CDEIN242004
960,ID_960,CDEIN242005
961,ID_961,CDEIN242101
962,ID_962,CDEIN242104
963,ID_963,CDEIN242105
964,ID_964,CDEIN242501
965,ID_965,CDEIN259501
966,ID_966,CDEIN259502
967,ID_967,CDEIN267201
968,ID_968,CDEIN267204
969,ID_969,CDEIN267205
970,ID_970,CDKB1025001
971,ID_971,CDKB1126001
972,ID_972,CDKB1141001
973,ID_973,CDKB1177001
974,ID_974,CDKB1249001
975,ID_975,CDKB1427001
976,ID_976,CDKB1533001
977,ID_977,CDKB1627001
978,ID_978,CDKB1658001
979,ID_979,CDKB1784001
980,ID_980,CDKB1804001
981,ID_981,CDKB1816001
982,ID_982,CDKB2017001
983,ID_983,CDKB2100001
984,ID_984,CDKB2101001
985,ID_985,CDKB2128001
986,ID_986,CDKB2168001
987,ID_987,CDKB2244001
988,ID_988,CDKB2246001
989,ID_989,CDKB2272001
990,ID_990,CDKB2289001
991,ID_991,CDKB2293001
992,ID_992,CDKB2296001
993,ID_993,CDKB2316001
994,ID_994,CDKB2336001
995,ID_995,CDKB2350001
996,ID_996,CDKB2358001
997,ID_997,CDKB2365001
998,ID_998,CDKB2367001
999,ID_999,CDKB2368001
1000,ID_1000,CDKB2377001
1001,ID_1001,CDKB2377099
1002,ID_1002,CDKB2378001
1003,ID_1003,CDKB2387001
1004,ID_1004,CDKB2395001
1005,ID_1005,CDKB2396001
1006,ID_1006,CDKB2402001
1007,ID_1007,CDKB2412099
1008,ID_1008,CDKB2415001
1009,ID_1009,CDKB2420001
1010,ID_1010,CDKB2420099
1011,ID_1011,CDKB2421001
1012,ID_1012,CDKB2421099
1013,ID_1013,CDKB2422001
1014,ID_1014,CDKB2423001
1015,ID_1015,CDKB2425001
1016,ID_1016,CDKB2425099
1017,ID_1017,CDKB2450001
1018,ID_1018,CDKB2455001
1019,ID_1019,CDKB2458001
1020,ID_1020,CDKB2459001
1021,ID_1021,CDKB2461001
1022,ID_1022,CDKB2466001
1023,ID_1023,CDKB2468001
1024,ID_1024,CDKB2475001
1025,ID_1025,CDKB2476001
1026,ID_1026,CDKB2477001
1027,ID_1027,CDKB2478001
1028,ID_1028,CDKB2479001
1029,ID_1029,CDKB2535001
1030,ID_1030,CDKBEXJA001
1031,ID_1031,CDKIN237701
1032,ID_1032,CDKIN237702
1033,ID_1033,CDKIN237703
1034,ID_1034,CDKIN241201
1035,ID_1035,CDKIN241202
1036,ID_1036,CDKIN242001
1037,ID_1037,CDKIN242004
1038,ID_1038,CDKIN242005
1039,ID_1039,CDKIN242101
1040,ID_1040,CDKIN242104
1041,ID_1041,CDKIN242105
1042,ID_1042,CDKIN242501
1043,ID_1043,CDKIN259501
1044,ID_1044,CDKIN259502
1045,ID_1045,CDKIN267201
1046,ID_1046,CDKIN267204
1047,ID_1047,CEGB1126001
1048,ID_1048,CEGB1161001
1049,ID_1049,CEGB1177001
1050,ID_1050,CEGB1249001
1051,ID_1051,CEGB1262001
1052,ID_1052,CEGB1427001
1053,ID_1053,CEGB1450001
1054,ID_1054,CEGB1533001
1055,ID_1055,CEGB1627001
1056,ID_1056,CEGB1658001
1057,ID_1057,CEGB1677001
1058,ID_1058,CEGB1784001
1059,ID_1059,CEGB1787001
1060,ID_1060,CEGB1816001
1061,ID_1061,CEGB2100001
1062,ID_1062,CEGB2101001
1063,ID_1063,CEGB2128001
1064,ID_1064,CEGB2168001
1065,ID_1065,CEGB2244001
1066,ID_1066,CEGB2246001
1067,ID_1067,CEGB2258001
1068,ID_1068,CEGB2289001
1069,ID_1069,CEGB2293001
1070,ID_1070,CEGB2296001
1071,ID_1071,CEGB2298001
1072,ID_1072,CEGB2316001
1073,ID_1073,CEGB2336001
1074,ID_1074,CEGB2344001
1075,ID_1075,CEGB2350001
1076,ID_1076,CEGB2367001
1077,ID_1077,CEGB2368001
1078,ID_1078,CEGB2377001
1079,ID_1079,CEGB2377099
1080,ID_1080,CEGB2395001
1081,ID_1081,CEGB2412099
1082,ID_1082,CEGB2422001
1083,ID_1083,CEGB2423001
1084,ID_1084,CEGB2425001
1085,ID_1085,CEGB2425099
1086,ID_1086,CEGB2455001
1087,ID_1087,CEGB2458001
1088,ID_1088,CEGB2459001
1089,ID_1089,CEGB2460001
1090,ID_1090,CEGB2461001
1091,ID_1091,CEGB2466001
1092,ID_1092,CEGB2468001
1093,ID_1093,CEGB2475001
1094,ID_1094,CEGB2476001
1095,ID_1095,CEGB2477001
1096,ID_1096,CEGB2478001
1097,ID_1097,CEGB2479001
1098,ID_1098,CEGB2480001
1099,ID_1099,CEGBCOSE001
1100,ID_1100,CEGBEXJA001
1101,ID_1101,CEGBXOLA001
1102,ID_1102,CEGIN237701
1103,ID_1103,CEGIN237702
1104,ID_1104,CEGIN237703
1105,ID_1105,CEGIN241201
1106,ID_1106,CEGIN241202
1107,ID_1107,CEGIN242501
1108,ID_1108,CEGIN259501
1109,ID_1109,CEGIN259502
1110,ID_1110,CESB1025001
1111,ID_1111,CESB1126001
1112,ID_1112,CESB1177001
1113,ID_1113,CESB1249001
1114,ID_1114,CESB1262001
1115,ID_1115,CESB1427001
1116,ID_1116,CESB1450001
1117,ID_1117,CESB1492001
1118,ID_1118,CESB1533001
1119,ID_1119,CESB1627001
1120,ID_1120,CESB1658001
1121,ID_1121,CESB1677001
1122,ID_1122,CESB1784001
1123,ID_1123,CESB1804001
1124,ID_1124,CESB1816001
1125,ID_1125,CESB2017001
1126,ID_1126,CESB2073001
1127,ID_1127,CESB2100001
1128,ID_1128,CESB2101001
1129,ID_1129,CESB2128001
1130,ID_1130,CESB2168001
1131,ID_1131,CESB2244001
1132,ID_1132,CESB2246001
1133,ID_1133,CESB2258001
1134,ID_1134,CESB2272001
1135,ID_1135,CESB2289001
1136,ID_1136,CESB2293001
1137,ID_1137,CESB2296001
1138,ID_1138,CESB2316001
1139,ID_1139,CESB2336001
1140,ID_1140,CESB2344001
1141,ID_1141,CESB2350001
1142,ID_1142,CESB2353001
1143,ID_1143,CESB2358001
1144,ID_1144,CESB2365001
1145,ID_1145,CESB2367001
1146,ID_1146,CESB2368001
1147,ID_1147,CESB2377001
1148,ID_1148,CESB2377099
1149,ID_1149,CESB2378001
1150,ID_1150,CESB2387001
1151,ID_1151,CESB2395001
1152,ID_1152,CESB2396001
1153,ID_1153,CESB2402001
1154,ID_1154,CESB2412099
1155,ID_1155,CESB2420099
1156,ID_1156,CESB2421099
1157,ID_1157,CESB2422001
1158,ID_1158,CESB2423001
1159,ID_1159,CESB2425001
1160,ID_1160,CESB2425099
1161,ID_1161,CESB2440001
1162,ID_1162,CESB2450001
1163,ID_1163,CESB2455001
1164,ID_1164,CESB2458001
1165,ID_1165,CESB2459001
1166,ID_1166,CESB2460001
1167,ID_1167,CESB2461001
1168,ID_1168,CESB2466001
1169,ID_1169,CESB2468001
1170,ID_1170,CESB2475001
1171,ID_1171,CESB2476001
1172,ID_1172,CESB2477001
1173,ID_1173,CESB2478001
1174,ID_1174,CESB2479001
1175,ID_1175,CESB2480001
1176,ID_1176,CESB2499001
1177,ID_1177,CESB2535001
1178,ID_1178,CESB2601001
1179,ID_1179,CESB2604001
1180,ID_1180,CESB2605001
1181,ID_1181,CESB2606001
1182,ID_1182,CESB2607001
1183,ID_1183,CESB2608001
1184,ID_1184,CESB2609001
1185,ID_1185,CESB2610001
1186,ID_1186,CESB2614001
1187,ID_1187,CESBEXJA001
1188,ID_1188,CESBLUCE001
1189,ID_1189,CESBTAFI001
1190,ID_1190,CESIN237701
1191,ID_1191,CESIN237702
1192,ID_1192,CESIN237703
1193,ID_1193,CESIN241201
1194,ID_1194,CESIN241202
1195,ID_1195,CESIN242001
1196,ID_1196,CESIN242004
1197,ID_1197,CESIN242005
1198,ID_1198,CESIN242101
1199,ID_1199,CESIN242104
1200,ID_1200,CESIN242105
1201,ID_1201,CESIN242501
1202,ID_1202,CESIN259501
1203,ID_1203,CESIN259502
1204,ID_1204,CESIN267201
1205,ID_1205,CESIN267204
1206,ID_1206,CESIN267205
1207,ID_1207,CFIB1025001
1208,ID_1208,CFIB1126001
1209,ID_1209,CFIB1141001
1210,ID_1210,CFIB1161001
1211,ID_1211,CFIB1177001
1212,ID_1212,CFIB1249001
1213,ID_1213,CFIB1262001
1214,ID_1214,CFIB1427001
1215,ID_1215,CFIB1533001
1216,ID_1216,CFIB1627001
1217,ID_1217,CFIB1658001
1218,ID_1218,CFIB1677001
1219,ID_1219,CFIB1784001
1220,ID_1220,CFIB1804001
1221,ID_1221,CFIB1816001
1222,ID_1222,CFIB2017001
1223,ID_1223,CFIB2100001
1224,ID_1224,CFIB2101001
1225,ID_1225,CFIB2168001
1226,ID_1226,CFIB2244001
1227,ID_1227,CFIB2246001
1228,ID_1228,CFIB2258001
1229,ID_1229,CFIB2272001
1230,ID_1230,CFIB2289001
1231,ID_1231,CFIB2293001
1232,ID_1232,CFIB2296001
1233,ID_1233,CFIB2316001
1234,ID_1234,CFIB2336001
1235,ID_1235,CFIB2344001
1236,ID_1236,CFIB2350001
1237,ID_1237,CFIB2358001
1238,ID_1238,CFIB2365001
1239,ID_1239,CFIB2367001
1240,ID_1240,CFIB2368001
1241,ID_1241,CFIB2377001
1242,ID_1242,CFIB2377099
1243,ID_1243,CFIB2378001
1244,ID_1244,CFIB2387001
1245,ID_1245,CFIB2395001
1246,ID_1246,CFIB2402001
1247,ID_1247,CFIB2412099
1248,ID_1248,CFIB2415001
1249,ID_1249,CFIB2417001
1250,ID_1250,CFIB2420099
1251,ID_1251,CFIB2421001
1252,ID_1252,CFIB2421099
1253,ID_1253,CFIB2422001
1254,ID_1254,CFIB2423001
1255,ID_1255,CFIB2425001
1256,ID_1256,CFIB2425099
1257,ID_1257,CFIB2450001
1258,ID_1258,CFIB2455001
1259,ID_1259,CFIB2458001
1260,ID_1260,CFIB2459001
1261,ID_1261,CFIB2460001
1262,ID_1262,CFIB2461001
1263,ID_1263,CFIB2466001
1264,ID_1264,CFIB2475001
1265,ID_1265,CFIB2476001
1266,ID_1266,CFIB2477001
1267,ID_1267,CFIB2478001
1268,ID_1268,CFIB2479001
1269,ID_1269,CFIB2535001
1270,ID_1270,CFIIN237701
1271,ID_1271,CFIIN237702
1272,ID_1272,CFIIN237703
1273,ID_1273,CFIIN241201
1274,ID_1274,CFIIN241202
1275,ID_1275,CFIIN242001
1276,ID_1276,CFIIN242004
1277,ID_1277,CFIIN242005
1278,ID_1278,CFIIN242101
1279,ID_1279,CFIIN242104
1280,ID_1280,CFIIN242105
1281,ID_1281,CFIIN242501
1282,ID_1282,CFIIN259501
1283,ID_1283,CFIIN259502
1284,ID_1284,CFIIN267201
1285,ID_1285,CFIIN267204
1286,ID_1286,CFRB1025001
1287,ID_1287,CFRB1126001
1288,ID_1288,CFRB1141001
1289,ID_1289,CFRB1177001
1290,ID_1290,CFRB1249001
1291,ID_1291,CFRB1262001
1292,ID_1292,CFRB1427001
1293,ID_1293,CFRB1450001
1294,ID_1294,CFRB1533001
1295,ID_1295,CFRB1627001
1296,ID_1296,CFRB1658001
1297,ID_1297,CFRB1677001
1298,ID_1298,CFRB1784001
1299,ID_1299,CFRB1787001
1300,ID_1300,CFRB1804001
1301,ID_1301,CFRB1816001
1302,ID_1302,CFRB2017001
1303,ID_1303,CFRB2100001
1304,ID_1304,CFRB2101001
1305,ID_1305,CFRB2128001
1306,ID_1306,CFRB2168001
1307,ID_1307,CFRB2244001
1308,ID_1308,CFRB2246001
1309,ID_1309,CFRB2258001
1310,ID_1310,CFRB2272001
1311,ID_1311,CFRB2289001
1312,ID_1312,CFRB2293001
1313,ID_1313,CFRB2296001
1314,ID_1314,CFRB2316001
1315,ID_1315,CFRB2336001
1316,ID_1316,CFRB2344001
1317,ID_1317,CFRB2350001
1318,ID_1318,CFRB2353001
1319,ID_1319,CFRB2358001
1320,ID_1320,CFRB2367001
1321,ID_1321,CFRB2368001
1322,ID_1322,CFRB2377001
1323,ID_1323,CFRB2377099
1324,ID_1324,CFRB2378001
1325,ID_1325,CFRB2395001
1326,ID_1326,CFRB2396001
1327,ID_1327,CFRB2402001
1328,ID_1328,CFRB2412099
1329,ID_1329,CFRB2420001
1330,ID_1330,CFRB2420099
1331,ID_1331,CFRB2421001
1332,ID_1332,CFRB2421099
1333,ID_1333,CFRB2422001
1334,ID_1334,CFRB2423001
1335,ID_1335,CFRB2425001
1336,ID_1336,CFRB2425099
1337,ID_1337,CFRB2450001
1338,ID_1338,CFRB2455001
1339,ID_1339,CFRB2459001
1340,ID_1340,CFRB2460001
1341,ID_1341,CFRB2461001
1342,ID_1342,CFRB2468001
1343,ID_1343,CFRB2475001
1344,ID_1344,CFRB2476001
1345,ID_1345,CFRB2477001
1346,ID_1346,CFRB2478001
1347,ID_1347,CFRB2479001
1348,ID_1348,CFRB2484001
1349,ID_1349,CFRBCOSE001
1350,ID_1350,CFRBEXJA001
1351,ID_1351,CFRBLUCE001
1352,ID_1352,CFRIN237701
1353,ID_1353,CFRIN237702
1354,ID_1354,CFRIN237703
1355,ID_1355,CFRIN241201
1356,ID_1356,CFRIN241202
1357,ID_1357,CFRIN242001
1358,ID_1358,CFRIN242004
1359,ID_1359,CFRIN242005
1360,ID_1360,CFRIN242101
1361,ID_1361,CFRIN242104
1362,ID_1362,CFRIN242105
1363,ID_1363,CFRIN242501
1364,ID_1364,CFRIN259501
1365,ID_1365,CFRIN259502
1366,ID_1366,CFRIN267201
1367,ID_1367,CFRIN267204
1368,ID_1368,CFRIN267205
1369,ID_1369,CGRB1025001
1370,ID_1370,CGRB1126001
1371,ID_1371,CGRB1146001
1372,ID_1372,CGRB1161001
1373,ID_1373,CGRB1177001
1374,ID_1374,CGRB1249001
1375,ID_1375,CGRB1262001
1376,ID_1376,CGRB1427001
1377,ID_1377,CGRB1533001
1378,ID_1378,CGRB1627001
1379,ID_1379,CGRB1658001
1380,ID_1380,CGRB1677001
1381,ID_1381,CGRB1784001
1382,ID_1382,CGRB1804001
1383,ID_1383,CGRB1816001
1384,ID_1384,CGRB2100001
1385,ID_1385,CGRB2101001
1386,ID_1386,CGRB2128001
1387,ID_1387,CGRB2168001
1388,ID_1388,CGRB2244001
1389,ID_1389,CGRB2246001
1390,ID_1390,CGRB2255001
1391,ID_1391,CGRB2272001
1392,ID_1392,CGRB2289001
1393,ID_1393,CGRB2293001
1394,ID_1394,CGRB2296001
1395,ID_1395,CGRB2316001
1396,ID_1396,CGRB2335001
1397,ID_1397,CGRB2336001
1398,ID_1398,CGRB2344001
1399,ID_1399,CGRB2350001
1400,ID_1400,CGRB2358001
1401,ID_1401,CGRB2365001
1402,ID_1402,CGRB2367001
1403,ID_1403,CGRB2368001
1404,ID_1404,CGRB2377001
1405,ID_1405,CGRB2377099
1406,ID_1406,CGRB2378001
1407,ID_1407,CGRB2387001
1408,ID_1408,CGRB2395001
1409,ID_1409,CGRB2396001
1410,ID_1410,CGRB2412099
1411,ID_1411,CGRB2420001
1412,ID_1412,CGRB2420099
1413,ID_1413,CGRB2421001
1414,ID_1414,CGRB2421099
1415,ID_1415,CGRB2422001
1416,ID_1416,CGRB2423001
1417,ID_1417,CGRB2425001
1418,ID_1418,CGRB2425099
1419,ID_1419,CGRB2440001
1420,ID_1420,CGRB2445001
1421,ID_1421,CGRB2450001
1422,ID_1422,CGRB2455001
1423,ID_1423,CGRB2458001
1424,ID_1424,CGRB2459001
1425,ID_1425,CGRB2461001
1426,ID_1426,CGRB2466001
1427,ID_1427,CGRB2468001
1428,ID_1428,CGRB2475001
1429,ID_1429,CGRB2476001
1430,ID_1430,CGRB2477001
1431,ID_1431,CGRB2478001
1432,ID_1432,CGRB2479001
1433,ID_1433,CGRB2480001
1434,ID_1434,CGRB2484001
1435,ID_1435,CGRB2499001
1436,ID_1436,CGRB2505001
1437,ID_1437,CGRB2535001
1438,ID_1438,CGRB2601001
1439,ID_1439,CGRB2604001
1440,ID_1440,CGRB2605001
1441,ID_1441,CGRB2609001
1442,ID_1442,CGRB2610001
1443,ID_1443,CGRB2614001
1444,ID_1444,CGRB2650001
1445,ID_1445,CGRBEXJA001
1446,ID_1446,CGRBLUCE001
1447,ID_1447,CGRBXOLA001
1448,ID_1448,CGRIN241201
1449,ID_1449,CGRIN241202
1450,ID_1450,CGRIN242501
1451,ID_1451,CGRIN259501
1452,ID_1452,CGRIN259502
1453,ID_1453,CHKB1025001
1454,ID_1454,CHKB1126001
1455,ID_1455,CHKB1141001
1456,ID_1456,CHKB1161001
1457,ID_1457,CHKB1177001
1458,ID_1458,CHKB1249001
1459,ID_1459,CHKB1262001
1460,ID_1460,CHKB1427001
1461,ID_1461,CHKB1450001
1462,ID_1462,CHKB1533001
1463,ID_1463,CHKB1627001
1464,ID_1464,CHKB1658001
1465,ID_1465,CHKB1677001
1466,ID_1466,CHKB1784001
1467,ID_1467,CHKB1804001
1468,ID_1468,CHKB1816001
1469,ID_1469,CHKB2017001
1470,ID_1470,CHKB2100001
1471,ID_1471,CHKB2101001
1472,ID_1472,CHKB2168001
1473,ID_1473,CHKB2244001
1474,ID_1474,CHKB2246001
1475,ID_1475,CHKB2272001
1476,ID_1476,CHKB2289001
1477,ID_1477,CHKB2293001
1478,ID_1478,CHKB2296001
1479,ID_1479,CHKB2316001
1480,ID_1480,CHKB2336001
1481,ID_1481,CHKB2344001
1482,ID_1482,CHKB2350001
1483,ID_1483,CHKB2358001
1484,ID_1484,CHKB2365001
1485,ID_1485,CHKB2367001
1486,ID_1486,CHKB2368001
1487,ID_1487,CHKB2377001
1488,ID_1488,CHKB2377099
1489,ID_1489,CHKB2382001
1490,ID_1490,CHKB2387001
1491,ID_1491,CHKB2395001
1492,ID_1492,CHKB2396001
1493,ID_1493,CHKB2402001
1494,ID_1494,CHKB2412099
1495,ID_1495,CHKB2415001
1496,ID_1496,CHKB2420001
1497,ID_1497,CHKB2420099
1498,ID_1498,CHKB2421001
1499,ID_1499,CHKB2421099
1500,ID_1500,CHKB2422001
1501,ID_1501,CHKB2423001
1502,ID_1502,CHKB2425001
1503,ID_1503,CHKB2425099
1504,ID_1504,CHKB2455001
1505,ID_1505,CHKB2458001
1506,ID_1506,CHKB2459001
1507,ID_1507,CHKB2466001
1508,ID_1508,CHKB2468001
1509,ID_1509,CHKB2475001
1510,ID_1510,CHKB2476001
1511,ID_1511,CHKB2477001
1512,ID_1512,CHKB2478001
1513,ID_1513,CHKB2479001
1514,ID_1514,CHKB2480001
1515,ID_1515,CHKBEXJA001
1516,ID_1516,CHKIN237701
1517,ID_1517,CHKIN237702
1518,ID_1518,CHKIN237703
1519,ID_1519,CHKIN241201
1520,ID_1520,CHKIN241202
1521,ID_1521,CHKIN242001
1522,ID_1522,CHKIN242004
1523,ID_1523,CHKIN242005
1524,ID_1524,CHKIN242101
1525,ID_1525,CHKIN242104
1526,ID_1526,CHKIN242105
1527,ID_1527,CHKIN242501
1528,ID_1528,CHKIN259501
1529,ID_1529,CHKIN259502
1530,ID_1530,CHKIN267201
1531,ID_1531,CHKIN267204
1532,ID_1532,CHKIN267205
1533,ID_1533,CHUB1025001
1534,ID_1534,CHUB1126001
1535,ID_1535,CHUB1141001
1536,ID_1536,CHUB1161001
1537,ID_1537,CHUB1177001
1538,ID_1538,CHUB1249001
1539,ID_1539,CHUB1262001
1540,ID_1540,CHUB1427001
1541,ID_1541,CHUB1450001
1542,ID_1542,CHUB1533001
1543,ID_1543,CHUB1627001
1544,ID_1544,CHUB1658001
1545,ID_1545,CHUB1677001
1546,ID_1546,CHUB1784001
1547,ID_1547,CHUB1804001
1548,ID_1548,CHUB1816001
1549,ID_1549,CHUB2017001
1550,ID_1550,CHUB2100001
1551,ID_1551,CHUB2101001
1552,ID_1552,CHUB2128001
1553,ID_1553,CHUB2168001
1554,ID_1554,CHUB2244001
1555,ID_1555,CHUB2246001
1556,ID_1556,CHUB2258001
1557,ID_1557,CHUB2272001
1558,ID_1558,CHUB2289001
1559,ID_1559,CHUB2293001
1560,ID_1560,CHUB2296001
1561,ID_1561,CHUB2298001
1562,ID_1562,CHUB2316001
1563,ID_1563,CHUB2336001
1564,ID_1564,CHUB2350001
1565,ID_1565,CHUB2358001
1566,ID_1566,CHUB2365001
1567,ID_1567,CHUB2367001
1568,ID_1568,CHUB2368001
1569,ID_1569,CHUB2377001
1570,ID_1570,CHUB2377099
1571,ID_1571,CHUB2378001
1572,ID_1572,CHUB2387001
1573,ID_1573,CHUB2395001
1574,ID_1574,CHUB2402001
1575,ID_1575,CHUB2412099
1576,ID_1576,CHUB2420001
1577,ID_1577,CHUB2420099
1578,ID_1578,CHUB2421001
1579,ID_1579,CHUB2421099
1580,ID_1580,CHUB2422001
1581,ID_1581,CHUB2423001
1582,ID_1582,CHUB2425001
1583,ID_1583,CHUB2425099
1584,ID_1584,CHUB2450001
1585,ID_1585,CHUB2455001
1586,ID_1586,CHUB2458001
1587,ID_1587,CHUB2459001
1588,ID_1588,CHUB2460001
1589,ID_1589,CHUB2461001
1590,ID_1590,CHUB2466001
1591,ID_1591,CHUB2475001
1592,ID_1592,CHUB2476001
1593,ID_1593,CHUB2477001
1594,ID_1594,CHUB2478001
1595,ID_1595,CHUB2479001
1596,ID_1596,CHUB2535001
1597,ID_1597,CHUBEXJA001
1598,ID_1598,CHUIN237701
1599,ID_1599,CHUIN237702
1600,ID_1600,CHUIN237703
1601,ID_1601,CHUIN241201
1602,ID_1602,CHUIN241202
1603,ID_1603,CHUIN242001
1604,ID_1604,CHUIN242004
1605,ID_1605,CHUIN242005
1606,ID_1606,CHUIN242101
1607,ID_1607,CHUIN242104
1608,ID_1608,CHUIN242105
1609,ID_1609,CHUIN242501
1610,ID_1610,CHUIN259501
1611,ID_1611,CHUIN259502
1612,ID_1612,CHUIN267201
1613,ID_1613,CHUIN267204
1614,ID_1614,CHUIN267205
1615,ID_1615,CIEB1025001
1616,ID_1616,CIEB1126001
1617,ID_1617,CIEB1141001
1618,ID_1618,CIEB1146001
1619,ID_1619,CIEB1161001
1620,ID_1620,CIEB1177001
1621,ID_1621,CIEB1249001
1622,ID_1622,CIEB1262001
1623,ID_1623,CIEB1427001
1624,ID_1624,CIEB1450001
1625,ID_1625,CIEB1533001
1626,ID_1626,CIEB1627001
1627,ID_1627,CIEB1658001
1628,ID_1628,CIEB1677001
1629,ID_1629,CIEB1784001
1630,ID_1630,CIEB1804001
1631,ID_1631,CIEB1816001
1632,ID_1632,CIEB2100001
1633,ID_1633,CIEB2101001
1634,ID_1634,CIEB2244001
1635,ID_1635,CIEB2246001
1636,ID_1636,CIEB2258001
1637,ID_1637,CIEB2289001
1638,ID_1638,CIEB2293001
1639,ID_1639,CIEB2296001
1640,ID_1640,CIEB2316001
1641,ID_1641,CIEB2336001
1642,ID_1642,CIEB2344001
1643,ID_1643,CIEB2350001
1644,ID_1644,CIEB2367001
1645,ID_1645,CIEB2368001
1646,ID_1646,CIEB2377001
1647,ID_1647,CIEB2377099
1648,ID_1648,CIEB2395001
1649,ID_1649,CIEB2396001
1650,ID_1650,CIEB2412099
1651,ID_1651,CIEB2420099
1652,ID_1652,CIEB2421099
1653,ID_1653,CIEB2422001
1654,ID_1654,CIEB2423001
1655,ID_1655,CIEB2425001
1656,ID_1656,CIEB2425099
1657,ID_1657,CIEB2450001
1658,ID_1658,CIEB2461001
1659,ID_1659,CIEB2466001
1660,ID_1660,CIEB2468001
1661,ID_1661,CIEB2475001
1662,ID_1662,CIEB2476001
1663,ID_1663,CIEB2477001
1664,ID_1664,CIEB2478001
1665,ID_1665,CIEB2479001
1666,ID_1666,CIEBCOSE001
1667,ID_1667,CIEBEXJA001
1668,ID_1668,CIEBLUCE001
1669,ID_1669,CIEBTAFI001
1670,ID_1670,CIEBXOLA001
1671,ID_1671,CIEIN237701
1672,ID_1672,CIEIN237702
1673,ID_1673,CIEIN237703
1674,ID_1674,CIEIN241201
1675,ID_1675,CIEIN241202
1676,ID_1676,CIEIN242001
1677,ID_1677,CIEIN242004
1678,ID_1678,CIEIN242005
1679,ID_1679,CIEIN242101
1680,ID_1680,CIEIN242104
1681,ID_1681,CIEIN242105
1682,ID_1682,CIEIN242501
1683,ID_1683,CIEIN259501
1684,ID_1684,CIEIN259502
1685,ID_1685,CIEIN267201
1686,ID_1686,CIEIN267204
1687,ID_1687,CIEIN267205
1688,ID_1688,CINB1025001
1689,ID_1689,CINB1126001
1690,ID_1690,CINB1177001
1691,ID_1691,CINB1249001
1692,ID_1692,CINB1262001
1693,ID_1693,CINB1427001
1694,ID_1694,CINB1492001
1695,ID_1695,CINB1533001
1696,ID_1696,CINB1627001
1697,ID_1697,CINB1658001
1698,ID_1698,CINB1677001
1699,ID_1699,CINB1784001
1700,ID_1700,CINB1787001
1701,ID_1701,CINB1804001
1702,ID_1702,CINB1816001
1703,ID_1703,CINB2017001
1704,ID_1704,CINB2100001
1705,ID_1705,CINB2101001
1706,ID_1706,CINB2168001
1707,ID_1707,CINB2246001
1708,ID_1708,CINB2289001
1709,ID_1709,CINB2293001
1710,ID_1710,CINB2298001
1711,ID_1711,CINB2312001
1712,ID_1712,CINB2316001
1713,ID_1713,CINB2350001
1714,ID_1714,CINB2374001
1715,ID_1715,CINB2377001
1716,ID_1716,CINB2422001
1717,ID_1717,CINB2423001
1718,ID_1718,CINB2425001
1719,ID_1719,CINB2425099
1720,ID_1720,CINB2504001
1721,ID_1721,CINB2518001
1722,ID_1722,CINB2521001
1723,ID_1723,CINB2524001
1724,ID_1724,CINB2596001
1725,ID_1725,CINB2606001
1726,ID_1726,CININ242501
1727,ID_1727,CITB1025001
1728,ID_1728,CITB1126001
1729,ID_1729,CITB1141001
1730,ID_1730,CITB1161001
1731,ID_1731,CITB1177001
1732,ID_1732,CITB1249001
1733,ID_1733,CITB1262001
1734,ID_1734,CITB1427001
1735,ID_1735,CITB1450001
1736,ID_1736,CITB1533001
1737,ID_1737,CITB1627001
1738,ID_1738,CITB1658001
1739,ID_1739,CITB1677001
1740,ID_1740,CITB1784001
1741,ID_1741,CITB1804001
1742,ID_1742,CITB1816001
1743,ID_1743,CITB2017001
1744,ID_1744,CITB2073001
1745,ID_1745,CITB2100001
1746,ID_1746,CITB2101001
1747,ID_1747,CITB2128001
1748,ID_1748,CITB2168001
1749,ID_1749,CITB2246001
1750,ID_1750,CITB2258001
1751,ID_1751,CITB2272001
1752,ID_1752,CITB2289001
1753,ID_1753,CITB2293001
1754,ID_1754,CITB2296001
1755,ID_1755,CITB2298001
1756,ID_1756,CITB2316001
1757,ID_1757,CITB2336001
1758,ID_1758,CITB2350001
1759,ID_1759,CITB2353001
1760,ID_1760,CITB2358001
1761,ID_1761,CITB2365001
1762,ID_1762,CITB2367001
1763,ID_1763,CITB2368001
1764,ID_1764,CITB2377001
1765,ID_1765,CITB2377099
1766,ID_1766,CITB2378001
1767,ID_1767,CITB2382001
1768,ID_1768,CITB2387001
1769,ID_1769,CITB2395001
1770,ID_1770,CITB2396001
1771,ID_1771,CITB2402001
1772,ID_1772,CITB2412001
1773,ID_1773,CITB2412099
1774,ID_1774,CITB2415001
1775,ID_1775,CITB2420099
1776,ID_1776,CITB2421099
1777,ID_1777,CITB2422001
1778,ID_1778,CITB2423001
1779,ID_1779,CITB2425001
1780,ID_1780,CITB2425099
1781,ID_1781,CITB2450001
1782,ID_1782,CITB2455001
1783,ID_1783,CITB2458001
1784,ID_1784,CITB2459001
1785,ID_1785,CITB2461001
1786,ID_1786,CITB2466001
1787,ID_1787,CITB2468001
1788,ID_1788,CITB2475001
1789,ID_1789,CITB2476001
1790,ID_1790,CITB2477001
1791,ID_1791,CITB2478001
1792,ID_1792,CITB2479001
1793,ID_1793,CITB2484001
1794,ID_1794,CITB2486001
1795,ID_1795,CITB2487001
1796,ID_1796,CITB2505001
1797,ID_1797,CITB2535001
1798,ID_1798,CITB2544099
1799,ID_1799,CITB2608001
1800,ID_1800,CITB2609001
1801,ID_1801,CITB2610001
1802,ID_1802,CITBEXJA001
1803,ID_1803,CITBTAFI001
1804,ID_1804,CITIN237701
1805,ID_1805,CITIN237702
1806,ID_1806,CITIN237703
1807,ID_1807,CITIN241201
1808,ID_1808,CITIN241202
1809,ID_1809,CITIN242001
1810,ID_1810,CITIN242004
1811,ID_1811,CITIN242005
1812,ID_1812,CITIN242101
1813,ID_1813,CITIN242104
1814,ID_1814,CITIN242105
1815,ID_1815,CITIN242501
1816,ID_1816,CITIN259501
1817,ID_1817,CITIN259502
1818,ID_1818,CITIN267201
1819,ID_1819,CITIN267204
1820,ID_1820,CITIN267205
1821,ID_1821,CJPB1025001
1822,ID_1822,CJPB1141001
1823,ID_1823,CJPB1177001
1824,ID_1824,CJPB1245001
1825,ID_1825,CJPB1249001
1826,ID_1826,CJPB1262001
1827,ID_1827,CJPB1454001
1828,ID_1828,CJPB1492001
1829,ID_1829,CJPB1533001
1830,ID_1830,CJPB1627001
1831,ID_1831,CJPB1658001
1832,ID_1832,CJPB1787001
1833,ID_1833,CJPB1804001
1834,ID_1834,CJPB1816001
1835,ID_1835,CJPB2100001
1836,ID_1836,CJPB2101001
1837,ID_1837,CJPB2168001
1838,ID_1838,CJPB2244001
1839,ID_1839,CJPB2246001
1840,ID_1840,CJPB2257001
1841,ID_1841,CJPB2289001
1842,ID_1842,CJPB2293001
1843,ID_1843,CJPB2296001
1844,ID_1844,CJPB2316001
1845,ID_1845,CJPB2317001
1846,ID_1846,CJPB2336001
1847,ID_1847,CJPB2350001
1848,ID_1848,CJPB2358001
1849,ID_1849,CJPB2368001
1850,ID_1850,CJPB2377001
1851,ID_1851,CJPB2377099
1852,ID_1852,CJPB2395001
1853,ID_1853,CJPB2396001
1854,ID_1854,CJPB2404001
1855,ID_1855,CJPB2420001
1856,ID_1856,CJPB2420099
1857,ID_1857,CJPB2421001
1858,ID_1858,CJPB2421099
1859,ID_1859,CJPB2422001
1860,ID_1860,CJPB2423001
1861,ID_1861,CJPB2424001
1862,ID_1862,CJPB2425001
1863,ID_1863,CJPB2425099
1864,ID_1864,CJPB2445001
1865,ID_1865,CJPB2458001
1866,ID_1866,CJPB2461001
1867,ID_1867,CJPB2464001
1868,ID_1868,CJPB2466001
1869,ID_1869,CJPB2475001
1870,ID_1870,CJPB2476001
1871,ID_1871,CJPB2477001
1872,ID_1872,CJPB2479001
1873,ID_1873,CJPB2484001
1874,ID_1874,CJPB2607001
1875,ID_1875,CJPB2618001
1876,ID_1876,CJPBCOSE001
1877,ID_1877,CJPBEXJA001
1878,ID_1878,CJPBLUCE001
1879,ID_1879,CJPBXOLA001
1880,ID_1880,CJPIN237701
1881,ID_1881,CJPIN237702
1882,ID_1882,CJPIN237703
1883,ID_1883,CJPIN242001
1884,ID_1884,CJPIN242004
1885,ID_1885,CJPIN242005
1886,ID_1886,CJPIN242101
1887,ID_1887,CJPIN242104
1888,ID_1888,CJPIN242105
1889,ID_1889,CJPIN242501
1890,ID_1890,CJPIN242502
1891,ID_1891,CJPIN267201
1892,ID_1892,CJPIN267204
1893,ID_1893,CJPIN267205
1894,ID_1894,CMYB1025001
1895,ID_1895,CMYB1126001
1896,ID_1896,CMYB1141001
1897,ID_1897,CMYB1161001
1898,ID_1898,CMYB1177001
1899,ID_1899,CMYB1249001
1900,ID_1900,CMYB1262001
1901,ID_1901,CMYB1427001
1902,ID_1902,CMYB1533001
1903,ID_1903,CMYB1627001
1904,ID_1904,CMYB1658001
1905,ID_1905,CMYB1677001
1906,ID_1906,CMYB1784001
1907,ID_1907,CMYB1804001
1908,ID_1908,CMYB1816001
1909,ID_1909,CMYB2100001
1910,ID_1910,CMYB2101001
1911,ID_1911,CMYB2168001
1912,ID_1912,CMYB2244001
1913,ID_1913,CMYB2246001
1914,ID_1914,CMYB2258001
1915,ID_1915,CMYB2272001
1916,ID_1916,CMYB2289001
1917,ID_1917,CMYB2293001
1918,ID_1918,CMYB2296001
1919,ID_1919,CMYB2316001
1920,ID_1920,CMYB2336001
1921,ID_1921,CMYB2344001
1922,ID_1922,CMYB2350001
1923,ID_1923,CMYB2367001
1924,ID_1924,CMYB2368001
1925,ID_1925,CMYB2377001
1926,ID_1926,CMYB2377099
1927,ID_1927,CMYB2395001
1928,ID_1928,CMYB2396001
1929,ID_1929,CMYB2412099
1930,ID_1930,CMYB2422001
1931,ID_1931,CMYB2423001
1932,ID_1932,CMYB2425001
1933,ID_1933,CMYB2425099
1934,ID_1934,CMYB2455001
1935,ID_1935,CMYB2458001
1936,ID_1936,CMYB2459001
1937,ID_1937,CMYB2461001
1938,ID_1938,CMYB2466001
1939,ID_1939,CMYB2468001
1940,ID_1940,CMYB2475001
1941,ID_1941,CMYB2476001
1942,ID_1942,CMYB2477001
1943,ID_1943,CMYB2478001
1944,ID_1944,CMYB2479001
1945,ID_1945,CMYB2595099
1946,ID_1946,CMYBCOSE001
1947,ID_1947,CMYBEXJA001
1948,ID_1948,CMYBKISQ001
1949,ID_1949,CMYBLUCE001
1950,ID_1950,CMYBXOLA001
1951,ID_1951,CMYIN237701
1952,ID_1952,CMYIN237702
1953,ID_1953,CMYIN237703
1954,ID_1954,CMYIN241201
1955,ID_1955,CMYIN241202
1956,ID_1956,CMYIN242501
1957,ID_1957,CMYIN259501
1958,ID_1958,CMYIN259502
1959,ID_1959,CNLB1025001
1960,ID_1960,CNLB1126001
1961,ID_1961,CNLB1141001
1962,ID_1962,CNLB1146001
1963,ID_1963,CNLB1161001
1964,ID_1964,CNLB1249001
1965,ID_1965,CNLB1427001
1966,ID_1966,CNLB1533001
1967,ID_1967,CNLB1627001
1968,ID_1968,CNLB1658001
1969,ID_1969,CNLB1677001
1970,ID_1970,CNLB1784001
1971,ID_1971,CNLB1804001
1972,ID_1972,CNLB1816001
1973,ID_1973,CNLB2100001
1974,ID_1974,CNLB2101001
1975,ID_1975,CNLB2168001
1976,ID_1976,CNLB2244001
1977,ID_1977,CNLB2246001
1978,ID_1978,CNLB2272001
1979,ID_1979,CNLB2289001
1980,ID_1980,CNLB2293001
1981,ID_1981,CNLB2296001
1982,ID_1982,CNLB2298001
1983,ID_1983,CNLB2316001
1984,ID_1984,CNLB2336001
1985,ID_1985,CNLB2344001
1986,ID_1986,CNLB2350001
1987,ID_1987,CNLB2358001
1988,ID_1988,CNLB2367001
1989,ID_1989,CNLB2368001
1990,ID_1990,CNLB2377001
1991,ID_1991,CNLB2377099
1992,ID_1992,CNLB2378001
1993,ID_1993,CNLB2395001
1994,ID_1994,CNLB2396001
1995,ID_1995,CNLB2412099
1996,ID_1996,CNLB2415001
1997,ID_1997,CNLB2420099
1998,ID_1998,CNLB2421099
1999,ID_1999,CNLB2422001
2000,ID_2000,CNLB2423001
2001,ID_2001,CNLB2425001
2002,ID_2002,CNLB2425099
2003,ID_2003,CNLB2455001
2004,ID_2004,CNLB2458001
2005,ID_2005,CNLB2459001
2006,ID_2006,CNLB2461001
2007,ID_2007,CNLB2466001
2008,ID_2008,CNLB2475001
2009,ID_2009,CNLB2476001
2010,ID_2010,CNLB2477001
2011,ID_2011,CNLB2478001
2012,ID_2012,CNLB2479001
2013,ID_2013,CNLB2480001
2014,ID_2014,CNLBCOSE001
2015,ID_2015,CNLBDIOV001
2016,ID_2016,CNLBEXJA001
2017,ID_2017,CNLBLESC001
2018,ID_2018,CNLBTAFI001
2019,ID_2019,CNLBXOLA001
2020,ID_2020,CNLIN237701
2021,ID_2021,CNLIN237702
2022,ID_2022,CNLIN237703
2023,ID_2023,CNLIN241201
2024,ID_2024,CNLIN241202
2025,ID_2025,CNLIN242001
2026,ID_2026,CNLIN242004
2027,ID_2027,CNLIN242005
2028,ID_2028,CNLIN242101
2029,ID_2029,CNLIN242104
2030,ID_2030,CNLIN242105
2031,ID_2031,CNLIN242501
2032,ID_2032,CNLIN259501
2033,ID_2033,CNLIN259502
2034,ID_2034,CNLIN267201
2035,ID_2035,CNLIN267204
2036,ID_2036,CNLIN267205
2037,ID_2037,CNOB1025001
2038,ID_2038,CNOB1126001
2039,ID_2039,CNOB1141001
2040,ID_2040,CNOB1161001
2041,ID_2041,CNOB1177001
2042,ID_2042,CNOB1249001
2043,ID_2043,CNOB1262001
2044,ID_2044,CNOB1427001
2045,ID_2045,CNOB1450001
2046,ID_2046,CNOB1533001
2047,ID_2047,CNOB1627001
2048,ID_2048,CNOB1658001
2049,ID_2049,CNOB1677001
2050,ID_2050,CNOB1784001
2051,ID_2051,CNOB1787001
2052,ID_2052,CNOB1804001
2053,ID_2053,CNOB1816001
2054,ID_2054,CNOB2017001
2055,ID_2055,CNOB2100001
2056,ID_2056,CNOB2101001
2057,ID_2057,CNOB2168001
2058,ID_2058,CNOB2244001
2059,ID_2059,CNOB2246001
2060,ID_2060,CNOB2258001
2061,ID_2061,CNOB2272001
2062,ID_2062,CNOB2289001
2063,ID_2063,CNOB2293001
2064,ID_2064,CNOB2296001
2065,ID_2065,CNOB2298001
2066,ID_2066,CNOB2316001
2067,ID_2067,CNOB2336001
2068,ID_2068,CNOB2344001
2069,ID_2069,CNOB2350001
2070,ID_2070,CNOB2358001
2071,ID_2071,CNOB2365001
2072,ID_2072,CNOB2367001
2073,ID_2073,CNOB2368001
2074,ID_2074,CNOB2377001
2075,ID_2075,CNOB2377099
2076,ID_2076,CNOB2378001
2077,ID_2077,CNOB2387001
2078,ID_2078,CNOB2395001
2079,ID_2079,CNOB2396001
2080,ID_2080,CNOB2402001
2081,ID_2081,CNOB2412099
2082,ID_2082,CNOB2415001
2083,ID_2083,CNOB2420001
2084,ID_2084,CNOB2420099
2085,ID_2085,CNOB2421001
2086,ID_2086,CNOB2421099
2087,ID_2087,CNOB2422001
2088,ID_2088,CNOB2423001
2089,ID_2089,CNOB2425001
2090,ID_2090,CNOB2425099
2091,ID_2091,CNOB2450001
2092,ID_2092,CNOB2455001
2093,ID_2093,CNOB2459001
2094,ID_2094,CNOB2460001
2095,ID_2095,CNOB2461001
2096,ID_2096,CNOB2466001
2097,ID_2097,CNOB2468001
2098,ID_2098,CNOB2475001
2099,ID_2099,CNOB2476001
2100,ID_2100,CNOB2477001
2101,ID_2101,CNOB2478001
2102,ID_2102,CNOB2479001
2103,ID_2103,CNOB2480001
2104,ID_2104,CNOB2535001
2105,ID_2105,CNOBEXJA001
2106,ID_2106,CNOIN237701
2107,ID_2107,CNOIN237702
2108,ID_2108,CNOIN237703
2109,ID_2109,CNOIN241201
2110,ID_2110,CNOIN241202
2111,ID_2111,CNOIN242001
2112,ID_2112,CNOIN242004
2113,ID_2113,CNOIN242005
2114,ID_2114,CNOIN242101
2115,ID_2115,CNOIN242104
2116,ID_2116,CNOIN242105
2117,ID_2117,CNOIN242501
2118,ID_2118,CNOIN259501
2119,ID_2119,CNOIN259502
2120,ID_2120,CNOIN267201
2121,ID_2121,CNOIN267204
2122,ID_2122,CNZB1126001
2123,ID_2123,CNZB1141001
2124,ID_2124,CNZB1146001
2125,ID_2125,CNZB1427001
2126,ID_2126,CNZB1480001
2127,ID_2127,CNZB1533001
2128,ID_2128,CNZB1627001
2129,ID_2129,CNZB1658001
2130,ID_2130,CNZB1677001
2131,ID_2131,CNZB1804001
2132,ID_2132,CNZB2017001
2133,ID_2133,CNZB2100001
2134,ID_2134,CNZB2101001
2135,ID_2135,CNZB2246001
2136,ID_2136,CNZB2289001
2137,ID_2137,CNZB2293001
2138,ID_2138,CNZB2296001
2139,ID_2139,CNZB2298001
2140,ID_2140,CNZB2316001
2141,ID_2141,CNZB2336001
2142,ID_2142,CNZB2365001
2143,ID_2143,CNZB2367001
2144,ID_2144,CNZB2368001
2145,ID_2145,CNZB2377001
2146,ID_2146,CNZB2377099
2147,ID_2147,CNZB2395001
2148,ID_2148,CNZB2420001
2149,ID_2149,CNZB2420099
2150,ID_2150,CNZB2421001
2151,ID_2151,CNZB2421099
2152,ID_2152,CNZB2422001
2153,ID_2153,CNZB2423001
2154,ID_2154,CNZB2425001
2155,ID_2155,CNZB2425099
2156,ID_2156,CNZB2455001
2157,ID_2157,CNZB2459001
2158,ID_2158,CNZB2461001
2159,ID_2159,CNZB2475001
2160,ID_2160,CNZB2477001
2161,ID_2161,CNZB2480001
2162,ID_2162,CNZBEXJA001
2163,ID_2163,CNZIN237701
2164,ID_2164,CNZIN237702
2165,ID_2165,CNZIN237703
2166,ID_2166,CNZIN242001
2167,ID_2167,CNZIN242004
2168,ID_2168,CNZIN242005
2169,ID_2169,CNZIN242101
2170,ID_2170,CNZIN242104
2171,ID_2171,CNZIN242105
2172,ID_2172,CNZIN242501
2173,ID_2173,CNZIN267201
2174,ID_2174,CNZIN267204
2175,ID_2175,CNZIN267205
2176,ID_2176,CPHB1025001
2177,ID_2177,CPHB1126001
2178,ID_2178,CPHB1141001
2179,ID_2179,CPHB1161001
2180,ID_2180,CPHB1177001
2181,ID_2181,CPHB1249001
2182,ID_2182,CPHB1262001
2183,ID_2183,CPHB1427001
2184,ID_2184,CPHB1450001
2185,ID_2185,CPHB1533001
2186,ID_2186,CPHB1627001
2187,ID_2187,CPHB1658001
2188,ID_2188,CPHB1784001
2189,ID_2189,CPHB1816001
2190,ID_2190,CPHB2017001
2191,ID_2191,CPHB2100001
2192,ID_2192,CPHB2101001
2193,ID_2193,CPHB2168001
2194,ID_2194,CPHB2244001
2195,ID_2195,CPHB2246001
2196,ID_2196,CPHB2289001
2197,ID_2197,CPHB2293001
2198,ID_2198,CPHB2298001
2199,ID_2199,CPHB2316001
2200,ID_2200,CPHB2344001
2201,ID_2201,CPHB2350001
2202,ID_2202,CPHB2368001
2203,ID_2203,CPHB2377001
2204,ID_2204,CPHB2377099
2205,ID_2205,CPHB2395001
2206,ID_2206,CPHB2422001
2207,ID_2207,CPHB2423001
2208,ID_2208,CPHB2425001
2209,ID_2209,CPHB2425099
2210,ID_2210,CPHB2455001
2211,ID_2211,CPHB2459001
2212,ID_2212,CPHB2461001
2213,ID_2213,CPHB2466001
2214,ID_2214,CPHB2468001
2215,ID_2215,CPHB2475001
2216,ID_2216,CPHB2476001
2217,ID_2217,CPHB2477001
2218,ID_2218,CPHB2478001
2219,ID_2219,CPHB2479001
2220,ID_2220,CPHB2504001
2221,ID_2221,CPHB2518001
2222,ID_2222,CPHB2595099
2223,ID_2223,CPHB2601001
2224,ID_2224,CPHB2610001
2225,ID_2225,CPHB2614001
2226,ID_2226,CPHBEXJA001
2227,ID_2227,CPHIN237701
2228,ID_2228,CPHIN237702
2229,ID_2229,CPHIN237703
2230,ID_2230,CPHIN241201
2231,ID_2231,CPHIN241202
2232,ID_2232,CPHIN242001
2233,ID_2233,CPHIN242004
2234,ID_2234,CPHIN242005
2235,ID_2235,CPHIN242101
2236,ID_2236,CPHIN242104
2237,ID_2237,CPHIN242105
2238,ID_2238,CPHIN242501
2239,ID_2239,CPHIN259501
2240,ID_2240,CPHIN259502
2241,ID_2241,CPHIN267201
2242,ID_2242,CPHIN267204
2243,ID_2243,CPHIN267205
2244,ID_2244,CPKB1025001
2245,ID_2245,CPKB1126001
2246,ID_2246,CPKB1141001
2247,ID_2247,CPKB1161001
2248,ID_2248,CPKB1177001
2249,ID_2249,CPKB1249001
2250,ID_2250,CPKB1262001
2251,ID_2251,CPKB1427001
2252,ID_2252,CPKB1450001
2253,ID_2253,CPKB1480001
2254,ID_2254,CPKB1533001
2255,ID_2255,CPKB1627001
2256,ID_2256,CPKB1658001
2257,ID_2257,CPKB1677001
2258,ID_2258,CPKB1784001
2259,ID_2259,CPKB1787001
2260,ID_2260,CPKB1804001
2261,ID_2261,CPKB1816001
2262,ID_2262,CPKB2017001
2263,ID_2263,CPKB2100001
2264,ID_2264,CPKB2101001
2265,ID_2265,CPKB2168001
2266,ID_2266,CPKB2244001
2267,ID_2267,CPKB2246001
2268,ID_2268,CPKB2289001
2269,ID_2269,CPKB2293001
2270,ID_2270,CPKB2296001
2271,ID_2271,CPKB2312001
2272,ID_2272,CPKB2316001
2273,ID_2273,CPKB2344001
2274,ID_2274,CPKB2350001
2275,ID_2275,CPKB2365001
2276,ID_2276,CPKB2374001
2277,ID_2277,CPKB2377001
2278,ID_2278,CPKB2377099
2279,ID_2279,CPKB2412099
2280,ID_2280,CPKB2422001
2281,ID_2281,CPKB2423001
2282,ID_2282,CPKB2425099
2283,ID_2283,CPKB2455001
2284,ID_2284,CPKB2458001
2285,ID_2285,CPKB2459001
2286,ID_2286,CPKB2460001
2287,ID_2287,CPKB2464001
2288,ID_2288,CPKB2466001
2289,ID_2289,CPKB2468001
2290,ID_2290,CPKB2475001
2291,ID_2291,CPKB2478001
2292,ID_2292,CPKB2479001
2293,ID_2293,CPKB2480001
2294,ID_2294,CPKB2504001
2295,ID_2295,CPKB2521001
2296,ID_2296,CPKIN237701
2297,ID_2297,CPKIN237702
2298,ID_2298,CPKIN237703
2299,ID_2299,CPKIN241201
2300,ID_2300,CPKIN241202
2301,ID_2301,CPKIN242501
2302,ID_2302,CPKIN259501
2303,ID_2303,CPKIN259502
2304,ID_2304,CPLB1025001
2305,ID_2305,CPLB1126001
2306,ID_2306,CPLB1161001
2307,ID_2307,CPLB1177001
2308,ID_2308,CPLB1262001
2309,ID_2309,CPLB1427001
2310,ID_2310,CPLB1450001
2311,ID_2311,CPLB1533001
2312,ID_2312,CPLB1627001
2313,ID_2313,CPLB1658001
2314,ID_2314,CPLB1677001
2315,ID_2315,CPLB1784001
2316,ID_2316,CPLB1804001
2317,ID_2317,CPLB1816001
2318,ID_2318,CPLB2017001
2319,ID_2319,CPLB2100001
2320,ID_2320,CPLB2101001
2321,ID_2321,CPLB2128001
2322,ID_2322,CPLB2168001
2323,ID_2323,CPLB2244001
2324,ID_2324,CPLB2246001
2325,ID_2325,CPLB2272001
2326,ID_2326,CPLB2289001
2327,ID_2327,CPLB2293001
2328,ID_2328,CPLB2296001
2329,ID_2329,CPLB2298001
2330,ID_2330,CPLB2316001
2331,ID_2331,CPLB2336001
2332,ID_2332,CPLB2344001
2333,ID_2333,CPLB2350001
2334,ID_2334,CPLB2365001
2335,ID_2335,CPLB2367001
2336,ID_2336,CPLB2368001
2337,ID_2337,CPLB2377001
2338,ID_2338,CPLB2377099
2339,ID_2339,CPLB2378001
2340,ID_2340,CPLB2387001
2341,ID_2341,CPLB2395001
2342,ID_2342,CPLB2402001
2343,ID_2343,CPLB2412099
2344,ID_2344,CPLB2420001
2345,ID_2345,CPLB2420099
2346,ID_2346,CPLB2421001
2347,ID_2347,CPLB2421099
2348,ID_2348,CPLB2422001
2349,ID_2349,CPLB2423001
2350,ID_2350,CPLB2425001
2351,ID_2351,CPLB2425099
2352,ID_2352,CPLB2450001
2353,ID_2353,CPLB2455001
2354,ID_2354,CPLB2458001
2355,ID_2355,CPLB2459001
2356,ID_2356,CPLB2461001
2357,ID_2357,CPLB2466001
2358,ID_2358,CPLB2475001
2359,ID_2359,CPLB2476001
2360,ID_2360,CPLB2477001
2361,ID_2361,CPLB2478001
2362,ID_2362,CPLB2479001
2363,ID_2363,CPLB2480001
2364,ID_2364,CPLB2535001
2365,ID_2365,CPLIN237701
2366,ID_2366,CPLIN237702
2367,ID_2367,CPLIN237703
2368,ID_2368,CPLIN241201
2369,ID_2369,CPLIN241202
2370,ID_2370,CPLIN242001
2371,ID_2371,CPLIN242004
2372,ID_2372,CPLIN242005
2373,ID_2373,CPLIN242101
2374,ID_2374,CPLIN242104
2375,ID_2375,CPLIN242105
2376,ID_2376,CPLIN242501
2377,ID_2377,CPLIN259501
2378,ID_2378,CPLIN259502
2379,ID_2379,CPLIN267201
2380,ID_2380,CPLIN267204
2381,ID_2381,CPLIN267205
2382,ID_2382,CPTB1025001
2383,ID_2383,CPTB1141001
2384,ID_2384,CPTB1249001
2385,ID_2385,CPTB1427001
2386,ID_2386,CPTB1627001
2387,ID_2387,CPTB1658001
2388,ID_2388,CPTB1753001
2389,ID_2389,CPTB1784001
2390,ID_2390,CPTB1804001
2391,ID_2391,CPTB2017001
2392,ID_2392,CPTB2100001
2393,ID_2393,CPTB2101001
2394,ID_2394,CPTB2128001
2395,ID_2395,CPTB2168001
2396,ID_2396,CPTB2244001
2397,ID_2397,CPTB2246001
2398,ID_2398,CPTB2272001
2399,ID_2399,CPTB2289001
2400,ID_2400,CPTB2293001
2401,ID_2401,CPTB2296001
2402,ID_2402,CPTB2298001
2403,ID_2403,CPTB2316001
2404,ID_2404,CPTB2336001
2405,ID_2405,CPTB2344001
2406,ID_2406,CPTB2358001
2407,ID_2407,CPTB2365001
2408,ID_2408,CPTB2367001
2409,ID_2409,CPTB2368001
2410,ID_2410,CPTB2377001
2411,ID_2411,CPTB2377099
2412,ID_2412,CPTB2378001
2413,ID_2413,CPTB2387001
2414,ID_2414,CPTB2395001
2415,ID_2415,CPTB2396001
2416,ID_2416,CPTB2402001
2417,ID_2417,CPTB2412099
2418,ID_2418,CPTB2415001
2419,ID_2419,CPTB2420099
2420,ID_2420,CPTB2421099
2421,ID_2421,CPTB2422001
2422,ID_2422,CPTB2423001
2423,ID_2423,CPTB2425001
2424,ID_2424,CPTB2425099
2425,ID_2425,CPTB2450001
2426,ID_2426,CPTB2455001
2427,ID_2427,CPTB2458001
2428,ID_2428,CPTB2459001
2429,ID_2429,CPTB2461001
2430,ID_2430,CPTB2466001
2431,ID_2431,CPTB2475001
2432,ID_2432,CPTB2476001
2433,ID_2433,CPTB2478001
2434,ID_2434,CPTB2535001
2435,ID_2435,CPTB2601001
2436,ID_2436,CPTB2605001
2437,ID_2437,CPTB2606001
2438,ID_2438,CPTB2608001
2439,ID_2439,CPTB2609001
2440,ID_2440,CPTB2610001
2441,ID_2441,CPTB2614001
2442,ID_2442,CPTBDIOV001
2443,ID_2443,CPTBDUOT001
2444,ID_2444,CPTBEXEL001
2445,ID_2445,CPTBEXJA001
2446,ID_2446,CPTBLAMI001
2447,ID_2447,CPTBLESC001
2448,ID_2448,CPTBTAFI001
2449,ID_2449,CPTBVOLT001
2450,ID_2450,CPTIN237701
2451,ID_2451,CPTIN237702
2452,ID_2452,CPTIN237703
2453,ID_2453,CPTIN241201
2454,ID_2454,CPTIN241202
2455,ID_2455,CPTIN242001
2456,ID_2456,CPTIN242004
2457,ID_2457,CPTIN242005
2458,ID_2458,CPTIN242101
2459,ID_2459,CPTIN242104
2460,ID_2460,CPTIN242105
2461,ID_2461,CPTIN242501
2462,ID_2462,CPTIN259501
2463,ID_2463,CPTIN259502
2464,ID_2464,CPTIN267201
2465,ID_2465,CPTIN267204
2466,ID_2466,CPTIN267205
2467,ID_2467,CROB1025001
2468,ID_2468,CROB1126001
2469,ID_2469,CROB1177001
2470,ID_2470,CROB1450001
2471,ID_2471,CROB1627001
2472,ID_2472,CROB1784001
2473,ID_2473,CROB1816001
2474,ID_2474,CROB2017001
2475,ID_2475,CROB2100001
2476,ID_2476,CROB2101001
2477,ID_2477,CROB2244001
2478,ID_2478,CROB2246001
2479,ID_2479,CROB2258001
2480,ID_2480,CROB2289001
2481,ID_2481,CROB2293001
2482,ID_2482,CROB2296001
2483,ID_2483,CROB2316001
2484,ID_2484,CROB2336001
2485,ID_2485,CROB2344001
2486,ID_2486,CROB2350001
2487,ID_2487,CROB2365001
2488,ID_2488,CROB2367001
2489,ID_2489,CROB2368001
2490,ID_2490,CROB2377001
2491,ID_2491,CROB2377099
2492,ID_2492,CROB2378001
2493,ID_2493,CROB2387001
2494,ID_2494,CROB2395001
2495,ID_2495,CROB2412099
2496,ID_2496,CROB2420001
2497,ID_2497,CROB2420099
2498,ID_2498,CROB2421001
2499,ID_2499,CROB2421099
2500,ID_2500,CROB2422001
2501,ID_2501,CROB2423001
2502,ID_2502,CROB2425001
2503,ID_2503,CROB2425099
2504,ID_2504,CROB2455001
2505,ID_2505,CROB2458001
2506,ID_2506,CROB2459001
2507,ID_2507,CROB2461001
2508,ID_2508,CROB2466001
2509,ID_2509,CROB2475001
2510,ID_2510,CROB2476001
2511,ID_2511,CROB2477001
2512,ID_2512,CROB2478001
2513,ID_2513,CROB2479001
2514,ID_2514,CROB2535001
2515,ID_2515,CROIN237701
2516,ID_2516,CROIN237702
2517,ID_2517,CROIN237703
2518,ID_2518,CROIN241201
2519,ID_2519,CROIN241202
2520,ID_2520,CROIN242001
2521,ID_2521,CROIN242004
2522,ID_2522,CROIN242005
2523,ID_2523,CROIN242101
2524,ID_2524,CROIN242104
2525,ID_2525,CROIN242105
2526,ID_2526,CROIN242501
2527,ID_2527,CROIN259501
2528,ID_2528,CROIN259502
2529,ID_2529,CROIN267201
2530,ID_2530,CROIN267204
2531,ID_2531,CROIN267205
2532,ID_2532,CSEB1025001
2533,ID_2533,CSEB1126001
2534,ID_2534,CSEB1141001
2535,ID_2535,CSEB1161001
2536,ID_2536,CSEB1177001
2537,ID_2537,CSEB1262001
2538,ID_2538,CSEB1427001
2539,ID_2539,CSEB1450001
2540,ID_2540,CSEB1533001
2541,ID_2541,CSEB1627001
2542,ID_2542,CSEB1658001
2543,ID_2543,CSEB1677001
2544,ID_2544,CSEB1784001
2545,ID_2545,CSEB1804001
2546,ID_2546,CSEB1816001
2547,ID_2547,CSEB2017001
2548,ID_2548,CSEB2100001
2549,ID_2549,CSEB2101001
2550,ID_2550,CSEB2168001
2551,ID_2551,CSEB2244001
2552,ID_2552,CSEB2246001
2553,ID_2553,CSEB2272001
2554,ID_2554,CSEB2289001
2555,ID_2555,CSEB2293001
2556,ID_2556,CSEB2296001
2557,ID_2557,CSEB2316001
2558,ID_2558,CSEB2336001
2559,ID_2559,CSEB2350001
2560,ID_2560,CSEB2353001
2561,ID_2561,CSEB2358001
2562,ID_2562,CSEB2365001
2563,ID_2563,CSEB2367001
2564,ID_2564,CSEB2368001
2565,ID_2565,CSEB2377001
2566,ID_2566,CSEB2377099
2567,ID_2567,CSEB2378001
2568,ID_2568,CSEB2387001
2569,ID_2569,CSEB2395001
2570,ID_2570,CSEB2396001
2571,ID_2571,CSEB2402001
2572,ID_2572,CSEB2412099
2573,ID_2573,CSEB2415001
2574,ID_2574,CSEB2420001
2575,ID_2575,CSEB2420099
2576,ID_2576,CSEB2421001
2577,ID_2577,CSEB2421099
2578,ID_2578,CSEB2422001
2579,ID_2579,CSEB2423001
2580,ID_2580,CSEB2425001
2581,ID_2581,CSEB2425099
2582,ID_2582,CSEB2450001
2583,ID_2583,CSEB2455001
2584,ID_2584,CSEB2458001
2585,ID_2585,CSEB2459001
2586,ID_2586,CSEB2460001
2587,ID_2587,CSEB2461001
2588,ID_2588,CSEB2466001
2589,ID_2589,CSEB2468001
2590,ID_2590,CSEB2475001
2591,ID_2591,CSEB2476001
2592,ID_2592,CSEB2477001
2593,ID_2593,CSEB2478001
2594,ID_2594,CSEB2479001
2595,ID_2595,CSEB2535001
2596,ID_2596,CSEBEXJA001
2597,ID_2597,CSEIN237701
2598,ID_2598,CSEIN237702
2599,ID_2599,CSEIN237703
2600,ID_2600,CSEIN241201
2601,ID_2601,CSEIN241202
2602,ID_2602,CSEIN242001
2603,ID_2603,CSEIN242004
2604,ID_2604,CSEIN242005
2605,ID_2605,CSEIN242101
2606,ID_2606,CSEIN242104
2607,ID_2607,CSEIN242105
2608,ID_2608,CSEIN242501
2609,ID_2609,CSEIN259501
2610,ID_2610,CSEIN259502
2611,ID_2611,CSEIN267201
2612,ID_2612,CSEIN267204
2613,ID_2613,CSGB1141001
2614,ID_2614,CSGB1146001
2615,ID_2615,CSGB1161001
2616,ID_2616,CSGB1177001
2617,ID_2617,CSGB1249001
2618,ID_2618,CSGB1262001
2619,ID_2619,CSGB1427001
2620,ID_2620,CSGB1450001
2621,ID_2621,CSGB1533001
2622,ID_2622,CSGB1627001
2623,ID_2623,CSGB1658001
2624,ID_2624,CSGB1677001
2625,ID_2625,CSGB1784001
2626,ID_2626,CSGB1804001
2627,ID_2627,CSGB1816001
2628,ID_2628,CSGB2100001
2629,ID_2629,CSGB2101001
2630,ID_2630,CSGB2168001
2631,ID_2631,CSGB2244001
2632,ID_2632,CSGB2246001
2633,ID_2633,CSGB2258001
2634,ID_2634,CSGB2272001
2635,ID_2635,CSGB2289001
2636,ID_2636,CSGB2293001
2637,ID_2637,CSGB2316001
2638,ID_2638,CSGB2336001
2639,ID_2639,CSGB2344001
2640,ID_2640,CSGB2350001
2641,ID_2641,CSGB2367001
2642,ID_2642,CSGB2368001
2643,ID_2643,CSGB2377001
2644,ID_2644,CSGB2377099
2645,ID_2645,CSGB2395001
2646,ID_2646,CSGB2396001
2647,ID_2647,CSGB2412099
2648,ID_2648,CSGB2420001
2649,ID_2649,CSGB2420099
2650,ID_2650,CSGB2421001
2651,ID_2651,CSGB2421099
2652,ID_2652,CSGB2422001
2653,ID_2653,CSGB2423001
2654,ID_2654,CSGB2425001
2655,ID_2655,CSGB2425099
2656,ID_2656,CSGB2450001
2657,ID_2657,CSGB2455001
2658,ID_2658,CSGB2458001
2659,ID_2659,CSGB2459001
2660,ID_2660,CSGB2460001
2661,ID_2661,CSGB2461001
2662,ID_2662,CSGB2463001
2663,ID_2663,CSGB2466001
2664,ID_2664,CSGB2468001
2665,ID_2665,CSGB2475001
2666,ID_2666,CSGB2476001
2667,ID_2667,CSGB2477001
2668,ID_2668,CSGB2478001
2669,ID_2669,CSGB2479001
2670,ID_2670,CSGB2480001
2671,ID_2671,CSGBCOSE001
2672,ID_2672,CSGBEXJA001
2673,ID_2673,CSGBLUCE001
2674,ID_2674,CSGBXOLA001
2675,ID_2675,CSGIN237701
2676,ID_2676,CSGIN237702
2677,ID_2677,CSGIN237703
2678,ID_2678,CSGIN241201
2679,ID_2679,CSGIN241202
2680,ID_2680,CSGIN242001
2681,ID_2681,CSGIN242004
2682,ID_2682,CSGIN242005
2683,ID_2683,CSGIN242101
2684,ID_2684,CSGIN242104
2685,ID_2685,CSGIN242105
2686,ID_2686,CSGIN242501
2687,ID_2687,CSGIN259501
2688,ID_2688,CSGIN259502
2689,ID_2689,CSGIN267201
2690,ID_2690,CSGIN267204
2691,ID_2691,CSGIN267205
2692,ID_2692,CSKB1126001
2693,ID_2693,CSKB1161001
2694,ID_2694,CSKB1249001
2695,ID_2695,CSKB1427001
2696,ID_2696,CSKB1533001
2697,ID_2697,CSKB1627001
2698,ID_2698,CSKB1658001
2699,ID_2699,CSKB1784001
2700,ID_2700,CSKB1804001
2701,ID_2701,CSKB1816001
2702,ID_2702,CSKB2017001
2703,ID_2703,CSKB2100001
2704,ID_2704,CSKB2101001
2705,ID_2705,CSKB2128001
2706,ID_2706,CSKB2168001
2707,ID_2707,CSKB2246001
2708,ID_2708,CSKB2258001
2709,ID_2709,CSKB2272001
2710,ID_2710,CSKB2289001
2711,ID_2711,CSKB2293001
2712,ID_2712,CSKB2296001
2713,ID_2713,CSKB2316001
2714,ID_2714,CSKB2336001
2715,ID_2715,CSKB2350001
2716,ID_2716,CSKB2358001
2717,ID_2717,CSKB2365001
2718,ID_2718,CSKB2367001
2719,ID_2719,CSKB2368001
2720,ID_2720,CSKB2377001
2721,ID_2721,CSKB2377099
2722,ID_2722,CSKB2378001
2723,ID_2723,CSKB2387001
2724,ID_2724,CSKB2395001
2725,ID_2725,CSKB2396001
2726,ID_2726,CSKB2402001
2727,ID_2727,CSKB2412099
2728,ID_2728,CSKB2415001
2729,ID_2729,CSKB2417001
2730,ID_2730,CSKB2420001
2731,ID_2731,CSKB2420099
2732,ID_2732,CSKB2421001
2733,ID_2733,CSKB2421099
2734,ID_2734,CSKB2422001
2735,ID_2735,CSKB2423001
2736,ID_2736,CSKB2425001
2737,ID_2737,CSKB2425099
2738,ID_2738,CSKB2450001
2739,ID_2739,CSKB2455001
2740,ID_2740,CSKB2458001
2741,ID_2741,CSKB2459001
2742,ID_2742,CSKB2461001
2743,ID_2743,CSKB2466001
2744,ID_2744,CSKB2475001
2745,ID_2745,CSKB2476001
2746,ID_2746,CSKB2477001
2747,ID_2747,CSKB2478001
2748,ID_2748,CSKB2479001
2749,ID_2749,CSKB2535001
2750,ID_2750,CSKIN237701
2751,ID_2751,CSKIN237702
2752,ID_2752,CSKIN237703
2753,ID_2753,CSKIN241201
2754,ID_2754,CSKIN241202
2755,ID_2755,CSKIN242001
2756,ID_2756,CSKIN242004
2757,ID_2757,CSKIN242005
2758,ID_2758,CSKIN242101
2759,ID_2759,CSKIN242104
2760,ID_2760,CSKIN242105
2761,ID_2761,CSKIN242501
2762,ID_2762,CSKIN259501
2763,ID_2763,CSKIN259502
2764,ID_2764,CSKIN267201
2765,ID_2765,CSKIN267204
2766,ID_2766,CSKIN267205
2767,ID_2767,CTHB1025001
2768,ID_2768,CTHB1126001
2769,ID_2769,CTHB1161001
2770,ID_2770,CTHB1177001
2771,ID_2771,CTHB1249001
2772,ID_2772,CTHB1262001
2773,ID_2773,CTHB1427001
2774,ID_2774,CTHB1450001
2775,ID_2775,CTHB1533001
2776,ID_2776,CTHB1627001
2777,ID_2777,CTHB1658001
2778,ID_2778,CTHB1677001
2779,ID_2779,CTHB1784001
2780,ID_2780,CTHB1804001
2781,ID_2781,CTHB1816001
2782,ID_2782,CTHB2017001
2783,ID_2783,CTHB2100001
2784,ID_2784,CTHB2101001
2785,ID_2785,CTHB2168001
2786,ID_2786,CTHB2244001
2787,ID_2787,CTHB2246001
2788,ID_2788,CTHB2248001
2789,ID_2789,CTHB2258001
2790,ID_2790,CTHB2272001
2791,ID_2791,CTHB2289001
2792,ID_2792,CTHB2293001
2793,ID_2793,CTHB2296001
2794,ID_2794,CTHB2298001
2795,ID_2795,CTHB2316001
2796,ID_2796,CTHB2336001
2797,ID_2797,CTHB2344001
2798,ID_2798,CTHB2350001
2799,ID_2799,CTHB2365001
2800,ID_2800,CTHB2368001
2801,ID_2801,CTHB2377001
2802,ID_2802,CTHB2377099
2803,ID_2803,CTHB2382001
2804,ID_2804,CTHB2395001
2805,ID_2805,CTHB2396001
2806,ID_2806,CTHB2402001
2807,ID_2807,CTHB2412099
2808,ID_2808,CTHB2417001
2809,ID_2809,CTHB2420099
2810,ID_2810,CTHB2421099
2811,ID_2811,CTHB2422001
2812,ID_2812,CTHB2423001
2813,ID_2813,CTHB2425001
2814,ID_2814,CTHB2425099
2815,ID_2815,CTHB2450001
2816,ID_2816,CTHB2455001
2817,ID_2817,CTHB2458001
2818,ID_2818,CTHB2459001
2819,ID_2819,CTHB2466001
2820,ID_2820,CTHB2475001
2821,ID_2821,CTHB2476001
2822,ID_2822,CTHB2477001
2823,ID_2823,CTHB2478001
2824,ID_2824,CTHB2479001
2825,ID_2825,CTHB2519001
2826,ID_2826,CTHB2525001
2827,ID_2827,CTHIN237701
2828,ID_2828,CTHIN237702
2829,ID_2829,CTHIN237703
2830,ID_2830,CTHIN241201
2831,ID_2831,CTHIN241202
2832,ID_2832,CTHIN242001
2833,ID_2833,CTHIN242004
2834,ID_2834,CTHIN242005
2835,ID_2835,CTHIN242101
2836,ID_2836,CTHIN242104
2837,ID_2837,CTHIN242105
2838,ID_2838,CTHIN242501
2839,ID_2839,CTHIN259501
2840,ID_2840,CTHIN259502
2841,ID_2841,CTHIN267201
2842,ID_2842,CTHIN267204
2843,ID_2843,CTHIN267205
2844,ID_2844,CTRB1025001
2845,ID_2845,CTRB1126001
2846,ID_2846,CTRB1141001
2847,ID_2847,CTRB1161001
2848,ID_2848,CTRB1177001
2849,ID_2849,CTRB1249001
2850,ID_2850,CTRB1262001
2851,ID_2851,CTRB1427001
2852,ID_2852,CTRB1480001
2853,ID_2853,CTRB1533001
2854,ID_2854,CTRB1627001
2855,ID_2855,CTRB1658001
2856,ID_2856,CTRB1677001
2857,ID_2857,CTRB1784001
2858,ID_2858,CTRB1787001
2859,ID_2859,CTRB1804001
2860,ID_2860,CTRB1816001
2861,ID_2861,CTRB2100001
2862,ID_2862,CTRB2101001
2863,ID_2863,CTRB2168001
2864,ID_2864,CTRB2244001
2865,ID_2865,CTRB2246001
2866,ID_2866,CTRB2272001
2867,ID_2867,CTRB2289001
2868,ID_2868,CTRB2293001
2869,ID_2869,CTRB2296001
2870,ID_2870,CTRB2316001
2871,ID_2871,CTRB2318001
2872,ID_2872,CTRB2336001
2873,ID_2873,CTRB2350001
2874,ID_2874,CTRB2358001
2875,ID_2875,CTRB2367001
2876,ID_2876,CTRB2377001
2877,ID_2877,CTRB2377099
2878,ID_2878,CTRB2395001
2879,ID_2879,CTRB2396001
2880,ID_2880,CTRB2412099
2881,ID_2881,CTRB2420001
2882,ID_2882,CTRB2420099
2883,ID_2883,CTRB2421001
2884,ID_2884,CTRB2421099
2885,ID_2885,CTRB2422001
2886,ID_2886,CTRB2423001
2887,ID_2887,CTRB2425001
2888,ID_2888,CTRB2425099
2889,ID_2889,CTRB2455001
2890,ID_2890,CTRB2458001
2891,ID_2891,CTRB2459001
2892,ID_2892,CTRB2461001
2893,ID_2893,CTRB2464001
2894,ID_2894,CTRB2466001
2895,ID_2895,CTRB2468001
2896,ID_2896,CTRB2475001
2897,ID_2897,CTRB2476001
2898,ID_2898,CTRB2477001
2899,ID_2899,CTRB2478001
2900,ID_2900,CTRB2479001
2901,ID_2901,CTRBCOSE001
2902,ID_2902,CTRBEXJA001
2903,ID_2903,CTRBLUCE001
2904,ID_2904,CTRBXOLA001
2905,ID_2905,CTRIN237701
2906,ID_2906,CTRIN237702
2907,ID_2907,CTRIN237703
2908,ID_2908,CTRIN242001
2909,ID_2909,CTRIN242004
2910,ID_2910,CTRIN242005
2911,ID_2911,CTRIN242101
2912,ID_2912,CTRIN242104
2913,ID_2913,CTRIN242105
2914,ID_2914,CTRIN242501
2915,ID_2915,CTRIN267201
2916,ID_2916,CTRIN267204
2917,ID_2917,CTRIN267205
2918,ID_2918,CTWB1025001
2919,ID_2919,CTWB1126001
2920,ID_2920,CTWB1141001
2921,ID_2921,CTWB1161001
2922,ID_2922,CTWB1177001
2923,ID_2923,CTWB1249001
2924,ID_2924,CTWB1262001
2925,ID_2925,CTWB1427001
2926,ID_2926,CTWB1450001
2927,ID_2927,CTWB1533001
2928,ID_2928,CTWB1627001
2929,ID_2929,CTWB1658001
2930,ID_2930,CTWB1677001
2931,ID_2931,CTWB1784001
2932,ID_2932,CTWB1804001
2933,ID_2933,CTWB1816001
2934,ID_2934,CTWB2100001
2935,ID_2935,CTWB2101001
2936,ID_2936,CTWB2168001
2937,ID_2937,CTWB2244001
2938,ID_2938,CTWB2246001
2939,ID_2939,CTWB2258001
2940,ID_2940,CTWB2272001
2941,ID_2941,CTWB2289001
2942,ID_2942,CTWB2293001
2943,ID_2943,CTWB2296001
2944,ID_2944,CTWB2316001
2945,ID_2945,CTWB2336001
2946,ID_2946,CTWB2344001
2947,ID_2947,CTWB2350001
2948,ID_2948,CTWB2358001
2949,ID_2949,CTWB2367001
2950,ID_2950,CTWB2368001
2951,ID_2951,CTWB2377001
2952,ID_2952,CTWB2377099
2953,ID_2953,CTWB2378001
2954,ID_2954,CTWB2395001
2955,ID_2955,CTWB2396001
2956,ID_2956,CTWB2412099
2957,ID_2957,CTWB2420099
2958,ID_2958,CTWB2421099
2959,ID_2959,CTWB2422001
2960,ID_2960,CTWB2423001
2961,ID_2961,CTWB2425001
2962,ID_2962,CTWB2425099
2963,ID_2963,CTWB2445001
2964,ID_2964,CTWB2455001
2965,ID_2965,CTWB2458001
2966,ID_2966,CTWB2459001
2967,ID_2967,CTWB2461001
2968,ID_2968,CTWB2464001
2969,ID_2969,CTWB2465001
2970,ID_2970,CTWB2466001
2971,ID_2971,CTWB2468001
2972,ID_2972,CTWB2475001
2973,ID_2973,CTWB2476001
2974,ID_2974,CTWB2477001
2975,ID_2975,CTWB2478001
2976,ID_2976,CTWB2479001
2977,ID_2977,CTWB2480001
2978,ID_2978,CTWBCOSE001
2979,ID_2979,CTWBEXJA001
2980,ID_2980,CTWBLUCE001
2981,ID_2981,CTWBXOLA001
2982,ID_2982,CTWIN237701
2983,ID_2983,CTWIN237702
2984,ID_2984,CTWIN237703
2985,ID_2985,CTWIN241201
2986,ID_2986,CTWIN241202
2987,ID_2987,CTWIN242001
2988,ID_2988,CTWIN242004
2989,ID_2989,CTWIN242005
2990,ID_2990,CTWIN242101
2991,ID_2991,CTWIN242104
2992,ID_2992,CTWIN242105
2993,ID_2993,CTWIN242501
2994,ID_2994,CTWIN259501
2995,ID_2995,CTWIN259502
2996,ID_2996,CTWIN267201
2997,ID_2997,CTWIN267204
2998,ID_2998,CTWIN267205
2999,ID_2999,CUKB1025001
3000,ID_3000,CUKB1126001
3001,ID_3001,CUKB1141001
3002,ID_3002,CUKB1161001
3003,ID_3003,CUKB1177001
3004,ID_3004,CUKB1249001
3005,ID_3005,CUKB1262001
3006,ID_3006,CUKB1427001
3007,ID_3007,CUKB1450001
3008,ID_3008,CUKB1533001
3009,ID_3009,CUKB1627001
3010,ID_3010,CUKB1658001
3011,ID_3011,CUKB1784001
3012,ID_3012,CUKB1804001
3013,ID_3013,CUKB1816001
3014,ID_3014,CUKB2017001
3015,ID_3015,CUKB2100001
3016,ID_3016,CUKB2101001
3017,ID_3017,CUKB2168001
3018,ID_3018,CUKB2244001
3019,ID_3019,CUKB2246001
3020,ID_3020,CUKB2258001
3021,ID_3021,CUKB2272001
3022,ID_3022,CUKB2289001
3023,ID_3023,CUKB2293001
3024,ID_3024,CUKB2296001
3025,ID_3025,CUKB2316001
3026,ID_3026,CUKB2336001
3027,ID_3027,CUKB2350001
3028,ID_3028,CUKB2353001
3029,ID_3029,CUKB2358001
3030,ID_3030,CUKB2365001
3031,ID_3031,CUKB2367001
3032,ID_3032,CUKB2368001
3033,ID_3033,CUKB2377001
3034,ID_3034,CUKB2377099
3035,ID_3035,CUKB2378001
3036,ID_3036,CUKB2387001
3037,ID_3037,CUKB2395001
3038,ID_3038,CUKB2396001
3039,ID_3039,CUKB2402001
3040,ID_3040,CUKB2412099
3041,ID_3041,CUKB2420099
3042,ID_3042,CUKB2421099
3043,ID_3043,CUKB2422001
3044,ID_3044,CUKB2423001
3045,ID_3045,CUKB2425001
3046,ID_3046,CUKB2425099
3047,ID_3047,CUKB2450001
3048,ID_3048,CUKB2455001
3049,ID_3049,CUKB2458001
3050,ID_3050,CUKB2461001
3051,ID_3051,CUKB2466001
3052,ID_3052,CUKB2468001
3053,ID_3053,CUKB2475001
3054,ID_3054,CUKB2476001
3055,ID_3055,CUKB2477001
3056,ID_3056,CUKB2478001
3057,ID_3057,CUKB2479001
3058,ID_3058,CUKB2480001
3059,ID_3059,CUKB2484001
3060,ID_3060,CUKB2535001
3061,ID_3061,CUKB2650001
3062,ID_3062,CUKBEXJA001
3063,ID_3063,CUKBLUCE001
3064,ID_3064,CUKBTAFI001
3065,ID_3065,CUKIN237701
3066,ID_3066,CUKIN237702
3067,ID_3067,CUKIN237703
3068,ID_3068,CUKIN241201
3069,ID_3069,CUKIN241202
3070,ID_3070,CUKIN242001
3071,ID_3071,CUKIN242004
3072,ID_3072,CUKIN242005
3073,ID_3073,CUKIN242101
3074,ID_3074,CUKIN242104
3075,ID_3075,CUKIN242105
3076,ID_3076,CUKIN242501
3077,ID_3077,CUKIN259501
3078,ID_3078,CUKIN259502
3079,ID_3079,CUKIN267201
3080,ID_3080,CUKIN267204
3081,ID_3081,CUKIN267205
3082,ID_3082,CUSAMAFHI001
3083,ID_3083,CUSAMAFLO001
3084,ID_3084,CUSB1025001
3085,ID_3085,CUSB1126001
3086,ID_3086,CUSB1141001
3087,ID_3087,CUSB1177001
3088,ID_3088,CUSB1249001
3089,ID_3089,CUSB1250001
3090,ID_3090,CUSB1262001
3091,ID_3091,CUSB1427001
3092,ID_3092,CUSB1627001
3093,ID_3093,CUSB1658001
3094,ID_3094,CUSB1784001
3095,ID_3095,CUSB1804001
3096,ID_3096,CUSB1816001
3097,ID_3097,CUSB2100001
3098,ID_3098,CUSB2101001
3099,ID_3099,CUSB2168001
3100,ID_3100,CUSB2244001
3101,ID_3101,CUSB2248001
3102,ID_3102,CUSB2258001
3103,ID_3103,CUSB2272001
3104,ID_3104,CUSB2289001
3105,ID_3105,CUSB2295001
3106,ID_3106,CUSB2316001
3107,ID_3107,CUSB2336001
3108,ID_3108,CUSB2344001
3109,ID_3109,CUSB2350001
3110,ID_3110,CUSB2353001
3111,ID_3111,CUSB2358001
3112,ID_3112,CUSB2365001
3113,ID_3113,CUSB2387001
3114,ID_3114,CUSB2395001
3115,ID_3115,CUSB2396001
3116,ID_3116,CUSB2404001
3117,ID_3117,CUSB2412001
3118,ID_3118,CUSB2417001
3119,ID_3119,CUSB2420001
3120,ID_3120,CUSB2421001
3121,ID_3121,CUSB2422001
3122,ID_3122,CUSB2423001
3123,ID_3123,CUSB2425001
3124,ID_3124,CUSB2455001
3125,ID_3125,CUSB2457001
3126,ID_3126,CUSB2458001
3127,ID_3127,CUSB2459001
3128,ID_3128,CUSB2460001
3129,ID_3129,CUSB2464001
3130,ID_3130,CUSB2465001
3131,ID_3131,CUSB2466001
3132,ID_3132,CUSB2467001
3133,ID_3133,CUSB2468001
3134,ID_3134,CUSB2475001
3135,ID_3135,CUSB2478001
3136,ID_3136,CUSB2479001
3137,ID_3137,CUSB2480001
3138,ID_3138,CUSB2484001
3139,ID_3139,CUSB2485001
3140,ID_3140,CUSB2486001
3141,ID_3141,CUSB2487001
3142,ID_3142,CUSB2505001
3143,ID_3143,CUSB2535001
3144,ID_3144,CUSB2620001
3145,ID_3145,CUSIN241201
3146,ID_3146,CUSIN241202
3147,ID_3147,CUSIN242001
3148,ID_3148,CUSIN242004
3149,ID_3149,CUSIN242005
3150,ID_3150,CUSIN242101
3151,ID_3151,CUSIN242104
3152,ID_3152,CUSIN242105
3153,ID_3153,CUSIN242501
3154,ID_3154,CUSIN253101
3155,ID_3155,CUSIN253102
3156,ID_3156,CUSIN259501
3157,ID_3157,CUSIN259502
3158,ID_3158,CUSIN267201
3159,ID_3159,CUSIN267204
3160,ID_3160,CUSIN267205
3161,ID_3161,CZAB1025001
3162,ID_3162,CZAB1126001
3163,ID_3163,CZAB1141001
3164,ID_3164,CZAB1146001
3165,ID_3165,CZAB1161001
3166,ID_3166,CZAB1177001
3167,ID_3167,CZAB1249001
3168,ID_3168,CZAB1262001
3169,ID_3169,CZAB1427001
3170,ID_3170,CZAB1450001
3171,ID_3171,CZAB1480001
3172,ID_3172,CZAB1533001
3173,ID_3173,CZAB1627001
3174,ID_3174,CZAB1658001
3175,ID_3175,CZAB1784001
3176,ID_3176,CZAB1787001
3177,ID_3177,CZAB1804001
3178,ID_3178,CZAB1816001
3179,ID_3179,CZAB2100001
3180,ID_3180,CZAB2101001
3181,ID_3181,CZAB2168001
3182,ID_3182,CZAB2244001
3183,ID_3183,CZAB2246001
3184,ID_3184,CZAB2248001
3185,ID_3185,CZAB2257001
3186,ID_3186,CZAB2258001
3187,ID_3187,CZAB2289001
3188,ID_3188,CZAB2293001
3189,ID_3189,CZAB2296001
3190,ID_3190,CZAB2298001
3191,ID_3191,CZAB2316001
3192,ID_3192,CZAB2344001
3193,ID_3193,CZAB2365001
3194,ID_3194,CZAB2367001
3195,ID_3195,CZAB2368001
3196,ID_3196,CZAB2377001
3197,ID_3197,CZAB2377099
3198,ID_3198,CZAB2382001
3199,ID_3199,CZAB2420099
3200,ID_3200,CZAB2421099
3201,ID_3201,CZAB2422001
3202,ID_3202,CZAB2423001
3203,ID_3203,CZAB2425099
3204,ID_3204,CZAB2455001
3205,ID_3205,CZAB2458001
3206,ID_3206,CZAB2459001
3207,ID_3207,CZAB2460001
3208,ID_3208,CZAB2461001
3209,ID_3209,CZAB2466001
3210,ID_3210,CZAB2468001
3211,ID_3211,CZAB2475001
3212,ID_3212,CZAB2476001
3213,ID_3213,CZAB2477001
3214,ID_3214,CZAB2479001
3215,ID_3215,CZAB2480001
3216,ID_3216,CZAB2672099
3217,ID_3217,CZABENTR001
3218,ID_3218,CZABGILE001
3219,ID_3219,CZABMEKI001
3220,ID_3220,CZABTAFI001
3221,ID_3221,CZABXOLA001
3222,ID_3222,CZAIN237701
3223,ID_3223,CZAIN237702
3224,ID_3224,CZAIN237703
3225,ID_3225,CZAIN242001
3226,ID_3226,CZAIN242004
3227,ID_3227,CZAIN242005
3228,ID_3228,CZAIN242101
3229,ID_3229,CZAIN242104
3230,ID_3230,CZAIN242105
3231,ID_3231,CZAIN242501
3232,ID_3232,CZAIN267201
3233,ID_3233,CZAIN267204
3234,ID_3234,CZAIN267205
3235,ID_3235,CZ_1658
3236,ID_3236,DE_1658
3237,ID_3237,DE_2244
3238,ID_3238,DE_2605
3239,ID_3239,ES_1658
3240,ID_3240,FR_1533
3241,ID_3241,FR_1658
3242,ID_3242,FR_1677
3243,ID_3243,FR_1804
3244,ID_3244,FR_2350
3245,ID_3245,HU_1658
3246,ID_3246,IT_1658
3247,ID_3247,IT_2100
3248,ID_3248,JP_1177
3249,ID_3249,JP_1245
3250,ID_3250,JP_1262
3251,ID_3251,JP_1787
3252,ID_3252,JP_1816
3253,ID_3253,JP_2244
3254,ID_3254,JP_2475
3255,ID_3255,JP_2479
3256,ID_3256,NL_1658
3257,ID_3257,PT_1658
3258,ID_3258,SE_1658
3259,ID_3259,UK_1658
3260,ID_3260,UK_1784
3261,ID_3261,US_1177
3262,ID_3262,US_1658
3263,ID_3263,US_1784
3264,ID_3264,US_2244
3265,ID_3265,US_2248
3266,ID_3266,US_2344
3267,ID_3267,US_2350
