,Unnamed: 0,cluster_id,launch_date
0,0,ID_1,1977-09-01
1,1,ID_2,1991-11-01
2,2,ID_3,2004-08-01
3,3,ID_4,1999-08-01
4,4,ID_5,1998-02-01
5,5,ID_6,1966-12-01
6,6,ID_7,1993-02-01
7,7,ID_8,1998-12-01
8,8,ID_9,2001-10-01
9,9,ID_10,1998-07-01
10,10,ID_11,2003-09-01
11,11,ID_12,2001-04-01
12,12,ID_13,1987-01-01
13,13,ID_14,1992-07-01
14,14,ID_15,1987-02-01
15,15,ID_16,1999-04-01
16,16,ID_17,2005-01-01
17,17,ID_18,2008-07-01
18,18,ID_19,2006-07-01
19,19,ID_20,1996-02-01
20,20,ID_22,2016-02-01
21,21,ID_23,2008-08-01
22,22,ID_24,2010-12-01
23,23,ID_25,2007-11-01
24,24,ID_26,2016-02-01
25,25,ID_27,2000-12-01
26,26,ID_28,2011-08-01
27,27,ID_29,1997-10-01
28,28,ID_31,2013-01-01
29,29,ID_32,2013-11-01
30,30,ID_33,2014-10-01
31,31,ID_35,2016-07-01
32,32,ID_36,2015-11-01
33,33,ID_37,2015-11-01
34,34,ID_39,2017-09-01
35,35,ID_40,2017-03-01
36,36,ID_42,2016-06-01
37,37,ID_44,2016-05-01
38,38,ID_45,2008-04-01
39,39,ID_46,2012-07-01
40,40,ID_48,2012-01-01
41,41,ID_49,2019-07-01
42,42,ID_50,1991-03-01
43,43,ID_51,2005-06-01
44,44,ID_52,1983-12-01
45,45,ID_54,1998-04-01
46,46,ID_55,2007-10-01
47,47,ID_56,2006-07-01
48,48,ID_57,1973-03-01
49,49,ID_58,1999-04-01
50,50,ID_59,2010-03-01
51,51,ID_60,2008-01-01
52,52,ID_61,2015-11-01
53,53,ID_62,2001-05-01
54,54,ID_64,2008-07-01
55,55,ID_65,2009-03-01
56,56,ID_66,2015-09-01
57,57,ID_67,1997-01-01
58,58,ID_68,2005-12-01
59,59,ID_69,2007-01-01
60,60,ID_70,2016-07-01
61,61,ID_71,2015-12-01
62,62,ID_72,2016-01-01
63,63,ID_73,2017-11-01
64,64,ID_74,2018-01-01
65,65,ID_75,2016-12-01
66,66,ID_76,2016-11-01
67,67,ID_77,2016-09-01
68,68,ID_78,2016-09-01
69,69,ID_79,2016-03-01
70,70,ID_80,2016-02-01
71,71,ID_81,2012-06-01
72,72,ID_82,2017-05-01
73,73,ID_83,2017-04-01
74,74,ID_84,2016-07-01
75,75,ID_85,2016-07-01
76,76,ID_86,2016-06-01
77,77,ID_87,2009-01-29
78,78,ID_88,1993-07-01
79,79,ID_90,1996-11-01
80,80,ID_91,1999-08-01
81,81,ID_92,1975-01-01
82,82,ID_93,1975-06-01
83,83,ID_94,1998-11-01
84,84,ID_95,2001-08-01
85,85,ID_96,1998-04-01
86,86,ID_97,2004-06-01
87,87,ID_98,1983-08-01
88,88,ID_99,1988-04-01
89,89,ID_100,2006-04-01
90,90,ID_101,1983-07-01
91,91,ID_102,1998-08-01
92,92,ID_103,2000-07-01
93,93,ID_104,2004-06-01
94,94,ID_105,2007-01-01
95,95,ID_106,2007-09-01
96,96,ID_107,1996-02-01
97,97,ID_108,2018-03-01
98,98,ID_109,2007-09-01
99,99,ID_110,2008-08-01
100,100,ID_111,2006-12-01
101,101,ID_112,2009-09-01
102,102,ID_113,2011-05-01
103,103,ID_114,2010-03-01
104,104,ID_115,1998-04-01
105,105,ID_116,2009-09-01
106,106,ID_117,2014-11-01
107,107,ID_118,2013-02-01
108,108,ID_119,2014-01-01
109,109,ID_121,2012-11-01
110,110,ID_122,2011-06-01
111,111,ID_124,2015-10-01
112,112,ID_125,2006-01-01
113,113,ID_127,2017-11-01
114,114,ID_128,2006-06-01
115,115,ID_130,2015-06-01
116,116,ID_132,2013-08-01
117,117,ID_133,2008-06-01
118,118,ID_134,2010-04-01
119,119,ID_136,2010-02-01
120,120,ID_137,2018-09-01
121,121,ID_138,1999-07-01
122,122,ID_139,1993-01-01
123,123,ID_140,2011-07-01
124,124,ID_141,2014-07-01
125,125,ID_142,2000-06-01
126,126,ID_143,2008-11-01
127,127,ID_144,2006-06-01
128,128,ID_145,2016-03-01
129,129,ID_146,2002-01-01
130,130,ID_148,1997-05-01
131,131,ID_149,2006-08-01
132,132,ID_150,2012-05-01
133,133,ID_151,2012-05-01
134,134,ID_152,2012-09-01
135,135,ID_153,2018-01-01
136,136,ID_154,2017-08-01
137,137,ID_155,2015-08-01
138,138,ID_156,2015-12-01
139,139,ID_157,2015-05-01
140,140,ID_158,2013-09-01
141,141,ID_159,2014-02-01
142,142,ID_160,2013-07-01
143,143,ID_161,2010-09-01
144,144,ID_162,2018-02-01
145,145,ID_163,2017-05-01
146,146,ID_164,2013-08-01
147,147,ID_165,2013-10-01
148,148,ID_166,2013-08-01
149,149,ID_167,2008-11-29
150,150,ID_168,2008-08-29
151,151,ID_169,1968-11-01
152,152,ID_171,2008-08-01
153,153,ID_172,1998-01-01
154,154,ID_173,2009-03-01
155,155,ID_174,1964-06-01
156,156,ID_175,1993-08-01
157,157,ID_176,1977-02-01
158,158,ID_177,1980-12-01
159,159,ID_178,1999-07-01
160,160,ID_179,2001-09-01
161,161,ID_180,2000-12-01
162,162,ID_181,2003-07-01
163,163,ID_182,1988-06-01
164,164,ID_183,1989-10-01
165,165,ID_184,1988-03-01
166,166,ID_185,2000-07-01
167,167,ID_186,2004-12-01
168,168,ID_187,2008-12-01
169,169,ID_188,2010-01-01
170,170,ID_189,1996-03-01
171,171,ID_190,2009-01-29
172,172,ID_191,2008-07-01
173,173,ID_192,2011-05-01
174,174,ID_193,2011-05-01
175,175,ID_194,2009-04-01
176,176,ID_195,2011-09-01
177,177,ID_196,2011-03-01
178,178,ID_197,2008-06-01
179,179,ID_198,2015-04-01
180,180,ID_199,2013-12-01
181,181,ID_200,2014-05-01
182,182,ID_202,2013-04-01
183,183,ID_204,2015-12-01
184,184,ID_205,2009-04-29
185,185,ID_207,2009-02-28
186,186,ID_209,2013-12-01
187,187,ID_211,2013-08-01
188,188,ID_212,2007-10-01
189,189,ID_213,2010-11-01
190,190,ID_215,2012-01-01
191,191,ID_217,2009-05-29
192,192,ID_218,1985-08-01
193,193,ID_219,2012-10-01
194,194,ID_220,2002-11-01
195,195,ID_222,2017-01-01
196,196,ID_225,2001-05-01
197,197,ID_226,2010-09-01
198,198,ID_227,2007-03-01
199,199,ID_228,2014-12-01
200,200,ID_229,2002-08-01
201,201,ID_235,2007-05-01
202,202,ID_236,2007-07-01
203,203,ID_237,2003-04-01
204,204,ID_238,2013-10-01
205,205,ID_239,2013-03-01
206,206,ID_240,2013-03-01
207,207,ID_241,2009-04-29
208,208,ID_242,2008-10-29
209,209,ID_243,2013-11-01
210,210,ID_244,2014-04-01
211,211,ID_245,2014-08-01
212,212,ID_246,2014-02-01
213,213,ID_247,2013-07-01
214,214,ID_248,2014-03-01
215,215,ID_249,2011-09-01
216,216,ID_250,2008-09-29
217,217,ID_251,2009-01-29
218,218,ID_252,2014-03-01
219,219,ID_253,2013-07-01
220,220,ID_254,2014-01-01
221,221,ID_259,2004-05-01
222,222,ID_260,1994-05-01
223,223,ID_261,2008-09-29
224,224,ID_262,2001-11-01
225,225,ID_263,2005-12-01
226,226,ID_264,2009-06-29
227,227,ID_265,1994-12-01
228,228,ID_267,2001-03-01
229,229,ID_268,2002-02-01
230,230,ID_269,2001-01-01
231,231,ID_270,2005-06-01
232,232,ID_271,2003-05-01
233,233,ID_273,2001-03-01
234,234,ID_276,2012-10-01
235,235,ID_277,2010-06-01
236,236,ID_278,2000-01-01
237,237,ID_280,2012-08-01
238,238,ID_281,2011-10-01
239,239,ID_282,2002-03-01
240,240,ID_283,2015-05-01
241,241,ID_284,2015-09-01
242,242,ID_285,2017-07-01
243,243,ID_292,2011-10-01
244,244,ID_294,1967-07-01
245,245,ID_295,2002-01-01
246,246,ID_296,2015-06-01
247,247,ID_297,1990-09-01
248,248,ID_298,1998-10-01
249,249,ID_299,1998-12-01
250,250,ID_300,1999-07-01
251,251,ID_301,1965-07-01
252,252,ID_302,1992-04-01
253,253,ID_303,1975-10-01
254,254,ID_304,2001-02-01
255,255,ID_305,2002-08-01
256,256,ID_306,1999-02-01
257,257,ID_307,2005-06-01
258,258,ID_308,1984-07-01
259,259,ID_309,1988-11-01
260,260,ID_310,2006-03-01
261,261,ID_311,1984-08-01
262,262,ID_312,1988-09-01
263,263,ID_313,2001-09-01
264,264,ID_314,2005-07-01
265,265,ID_315,2007-04-01
266,266,ID_316,2008-09-01
267,267,ID_317,1997-08-01
268,268,ID_318,2018-11-01
269,269,ID_319,2008-06-01
270,270,ID_320,2008-12-01
271,271,ID_321,2010-12-01
272,272,ID_322,2010-06-01
273,273,ID_323,2012-03-01
274,274,ID_324,2010-05-01
275,275,ID_325,1999-03-01
276,276,ID_326,2012-05-01
277,277,ID_327,2016-01-01
278,278,ID_328,2014-01-01
279,279,ID_329,2015-01-01
280,280,ID_331,2014-02-01
281,281,ID_332,2016-08-01
282,282,ID_334,2017-02-01
283,283,ID_335,2006-03-01
284,284,ID_337,2018-06-01
285,285,ID_338,2007-08-01
286,286,ID_340,2016-09-01
287,287,ID_342,2014-05-01
288,288,ID_343,2009-05-01
289,289,ID_344,2011-05-01
290,290,ID_346,2010-07-01
291,291,ID_348,1993-04-01
292,292,ID_349,2010-12-01
293,293,ID_350,1987-01-01
294,294,ID_351,2010-12-01
295,295,ID_352,2003-05-01
296,296,ID_354,2015-01-01
297,297,ID_355,1999-01-01
298,298,ID_356,2000-03-01
299,299,ID_357,2009-07-01
300,300,ID_358,2007-03-01
301,301,ID_359,2015-06-01
302,302,ID_360,2002-05-01
303,303,ID_361,1966-08-01
304,304,ID_366,2007-08-01
305,305,ID_367,2014-02-01
306,306,ID_368,2013-11-01
307,307,ID_369,2014-05-01
308,308,ID_370,2018-02-01
309,309,ID_371,2018-11-01
310,310,ID_372,2016-12-01
311,311,ID_373,2016-12-01
312,312,ID_374,2017-05-01
313,313,ID_375,2014-04-01
314,314,ID_376,2014-01-01
315,315,ID_377,2014-07-01
316,316,ID_378,2010-11-01
317,317,ID_379,2018-05-01
318,318,ID_380,2018-12-01
319,319,ID_381,2013-12-01
320,320,ID_382,2014-04-01
321,321,ID_383,2014-06-01
322,322,ID_384,1971-03-01
323,323,ID_386,1994-11-01
324,324,ID_387,1964-07-01
325,325,ID_388,1984-05-01
326,326,ID_389,1996-12-01
327,327,ID_390,1998-09-01
328,328,ID_391,1998-10-01
329,329,ID_392,1966-02-01
330,330,ID_393,1988-09-01
331,331,ID_394,1976-01-01
332,332,ID_395,1998-05-01
333,333,ID_396,2001-05-01
334,334,ID_397,1998-06-01
335,335,ID_398,2000-04-01
336,336,ID_399,2004-07-01
337,337,ID_400,2001-01-01
338,338,ID_401,1999-01-01
339,339,ID_402,1996-04-01
340,340,ID_403,1999-01-01
341,341,ID_404,1999-08-01
342,342,ID_405,2001-06-01
343,343,ID_406,2007-04-01
344,344,ID_407,2003-08-01
345,345,ID_408,2006-11-01
346,346,ID_409,2018-09-01
347,347,ID_410,2009-08-01
348,348,ID_411,2010-10-01
349,349,ID_412,2009-09-01
350,350,ID_413,2011-08-01
351,351,ID_414,2008-09-01
352,352,ID_415,2007-11-01
353,353,ID_416,2010-07-01
354,354,ID_417,2015-05-01
355,355,ID_418,2016-10-01
356,356,ID_420,2015-11-01
357,357,ID_421,2009-01-29
358,358,ID_423,2019-04-01
359,359,ID_424,2009-03-29
360,360,ID_425,2016-02-01
361,361,ID_426,2007-11-01
362,362,ID_427,2011-02-01
363,363,ID_429,2011-10-01
364,364,ID_430,1995-11-01
365,365,ID_431,2004-09-01
366,366,ID_432,1986-02-01
367,367,ID_433,2018-10-01
368,368,ID_434,1998-07-01
369,369,ID_435,2007-03-01
370,370,ID_436,2008-05-01
371,371,ID_438,1999-03-01
372,372,ID_439,2010-03-01
373,373,ID_440,2007-06-01
374,374,ID_441,2017-06-01
375,375,ID_442,2001-10-01
376,376,ID_443,2002-09-01
377,377,ID_445,2008-09-29
378,378,ID_446,2007-05-01
379,379,ID_447,2008-08-01
380,380,ID_448,2016-11-01
381,381,ID_449,2005-09-01
382,382,ID_450,2016-05-01
383,383,ID_451,2016-03-01
384,384,ID_452,2016-02-01
385,385,ID_453,2019-02-01
386,386,ID_454,2018-10-01
387,387,ID_455,2008-12-29
388,388,ID_456,2009-02-28
389,389,ID_457,2009-02-28
390,390,ID_458,2016-08-01
391,391,ID_459,2016-09-01
392,392,ID_460,2016-07-01
393,393,ID_461,2011-10-01
394,394,ID_462,2018-11-01
395,395,ID_463,2019-01-01
396,396,ID_464,2016-02-01
397,397,ID_465,2016-10-01
398,398,ID_466,2016-09-01
399,399,ID_467,1972-11-01
400,400,ID_468,2002-01-01
401,401,ID_469,1956-05-01
402,402,ID_471,1997-11-01
403,403,ID_472,1997-07-01
404,404,ID_473,2000-04-01
405,405,ID_474,1969-06-01
406,406,ID_475,1993-07-01
407,407,ID_476,2001-02-01
408,408,ID_477,2001-08-01
409,409,ID_478,2000-08-01
410,410,ID_479,2005-02-01
411,411,ID_480,2001-01-01
412,412,ID_481,1984-07-01
413,413,ID_482,1989-10-01
414,414,ID_483,2004-10-01
415,415,ID_484,1993-08-01
416,416,ID_485,1984-08-01
417,417,ID_486,1999-02-01
418,418,ID_487,2007-01-01
419,419,ID_488,2018-01-01
420,420,ID_489,2008-08-01
421,421,ID_490,2012-04-01
422,422,ID_491,2010-07-01
423,423,ID_492,2011-03-01
424,424,ID_493,2000-03-01
425,425,ID_494,2010-10-01
426,426,ID_495,2009-11-01
427,427,ID_496,2015-02-01
428,428,ID_497,2013-04-01
429,429,ID_498,2013-11-01
430,430,ID_500,2012-12-01
431,431,ID_502,2015-10-01
432,432,ID_503,2015-03-01
433,433,ID_504,2004-11-01
434,434,ID_506,2018-04-01
435,435,ID_507,2016-06-01
436,436,ID_508,2013-10-01
437,437,ID_509,2013-08-01
438,438,ID_510,2009-03-01
439,439,ID_511,2010-11-01
440,440,ID_513,2011-03-01
441,441,ID_514,2019-01-01
442,442,ID_515,1990-06-01
443,443,ID_516,2004-09-01
444,444,ID_517,1981-09-01
445,445,ID_518,2011-07-01
446,446,ID_519,1997-12-01
447,447,ID_521,2018-05-01
448,448,ID_523,2014-10-01
449,449,ID_524,2008-12-01
450,450,ID_525,2014-03-01
451,451,ID_526,1997-09-01
452,452,ID_527,2016-10-01
453,453,ID_528,1998-11-01
454,454,ID_529,2009-12-01
455,455,ID_530,2006-04-01
456,456,ID_531,2015-01-01
457,457,ID_532,2009-04-01
458,458,ID_533,1951-02-01
459,459,ID_535,2004-04-01
460,460,ID_537,2007-09-01
461,461,ID_538,2013-09-01
462,462,ID_539,2012-07-01
463,463,ID_540,2012-09-01
464,464,ID_541,2012-10-01
465,465,ID_542,2018-04-01
466,466,ID_543,2018-03-01
467,467,ID_544,2013-05-01
468,468,ID_545,2013-07-01
469,469,ID_546,2013-09-01
470,470,ID_547,2013-07-01
471,471,ID_548,2013-04-01
472,472,ID_549,2013-08-01
473,473,ID_550,2011-08-01
474,474,ID_551,2018-08-01
475,475,ID_552,2018-06-01
476,476,ID_553,2014-02-01
477,477,ID_554,2013-11-01
478,478,ID_555,2013-08-01
479,479,ID_556,1964-02-01
480,480,ID_557,1994-11-01
481,481,ID_558,1954-03-01
482,482,ID_559,1968-05-01
483,483,ID_561,1997-05-01
484,484,ID_562,1963-08-01
485,485,ID_563,1992-04-01
486,486,ID_564,1974-06-01
487,487,ID_565,1998-07-01
488,488,ID_566,2001-04-01
489,489,ID_567,1997-07-01
490,490,ID_568,2002-07-01
491,491,ID_569,2001-05-01
492,492,ID_570,1983-06-01
493,493,ID_571,1988-05-01
494,494,ID_572,2006-08-01
495,495,ID_573,1983-05-01
496,496,ID_574,1997-12-01
497,497,ID_575,2001-05-01
498,498,ID_576,2005-01-01
499,499,ID_577,2007-01-01
500,500,ID_578,2017-07-01
501,501,ID_579,2007-06-01
502,502,ID_580,2010-09-01
503,503,ID_581,2010-11-01
504,504,ID_582,2010-01-01
505,505,ID_583,2010-10-01
506,506,ID_584,2010-02-01
507,507,ID_585,1997-09-01
508,508,ID_586,2009-07-01
509,509,ID_587,2015-01-01
510,510,ID_588,2014-01-01
511,511,ID_589,2014-09-01
512,512,ID_591,2013-02-01
513,513,ID_592,2011-11-01
514,514,ID_594,2015-11-01
515,515,ID_595,2017-05-01
516,516,ID_596,2007-03-01
517,517,ID_599,2017-10-01
518,518,ID_600,2016-07-01
519,519,ID_601,2013-09-01
520,520,ID_602,2007-03-01
521,521,ID_603,2010-10-01
522,522,ID_605,2010-05-01
523,523,ID_606,2018-03-01
524,524,ID_607,1995-06-01
525,525,ID_608,2008-02-01
526,526,ID_609,1982-10-01
527,527,ID_610,2011-09-01
528,528,ID_611,2004-01-01
529,529,ID_613,2009-04-01
530,530,ID_614,1978-06-01
531,531,ID_615,2000-06-01
532,532,ID_616,2009-11-01
533,533,ID_617,2015-07-01
534,534,ID_618,1982-04-01
535,535,ID_622,1999-09-01
536,536,ID_623,1996-09-01
537,537,ID_624,2002-05-01
538,538,ID_625,2006-04-01
539,539,ID_626,2009-01-01
540,540,ID_627,2006-06-01
541,541,ID_628,2014-07-01
542,542,ID_629,2013-05-01
543,543,ID_630,2013-01-01
544,544,ID_631,2013-02-01
545,545,ID_632,2017-12-01
546,546,ID_633,2017-12-01
547,547,ID_634,2016-09-01
548,548,ID_635,2016-08-01
549,549,ID_636,2016-05-01
550,550,ID_637,2014-01-01
551,551,ID_638,2014-04-01
552,552,ID_639,2014-05-01
553,553,ID_640,2010-06-01
554,554,ID_641,2018-04-01
555,555,ID_642,2018-03-01
556,556,ID_643,2014-05-01
557,557,ID_644,2014-05-01
558,558,ID_645,2013-12-01
559,559,ID_646,1997-10-01
560,560,ID_647,2008-12-29
561,561,ID_648,2000-02-01
562,562,ID_649,2009-01-29
563,563,ID_650,1993-10-01
564,564,ID_651,2000-05-01
565,565,ID_652,2004-07-01
566,566,ID_653,1998-08-01
567,567,ID_654,2004-06-01
568,568,ID_655,2001-07-01
569,569,ID_656,1989-12-01
570,570,ID_657,1993-09-01
571,571,ID_658,1989-12-01
572,572,ID_659,2000-05-01
573,573,ID_660,2006-10-01
574,574,ID_661,2007-08-01
575,575,ID_663,2011-10-01
576,576,ID_664,2018-06-01
577,577,ID_665,2010-11-01
578,578,ID_666,2011-09-01
579,579,ID_667,1998-11-01
580,580,ID_669,2014-05-01
581,581,ID_671,2013-10-01
582,582,ID_672,2019-03-01
583,583,ID_673,2016-08-01
584,584,ID_674,2016-04-01
585,585,ID_676,2018-11-01
586,586,ID_677,2015-03-01
587,587,ID_678,2015-09-01
588,588,ID_679,2008-04-01
589,589,ID_680,2011-05-01
590,590,ID_682,2012-02-01
591,591,ID_683,1991-05-01
592,592,ID_684,2005-08-01
593,593,ID_685,1983-06-01
594,594,ID_686,1998-12-01
595,595,ID_687,2007-08-01
596,596,ID_688,2007-03-01
597,597,ID_689,1999-10-01
598,598,ID_690,2010-06-01
599,599,ID_691,2007-11-01
600,600,ID_692,2016-07-01
601,601,ID_693,2002-01-01
602,602,ID_694,2017-11-01
603,603,ID_696,2015-03-01
604,604,ID_697,1997-06-01
605,605,ID_698,2007-06-01
606,606,ID_699,2009-02-01
607,607,ID_700,2015-12-01
608,608,ID_701,2014-01-01
609,609,ID_702,2013-06-01
610,610,ID_703,2013-08-01
611,611,ID_704,2013-04-01
612,612,ID_705,2019-01-01
613,613,ID_706,2019-05-01
614,614,ID_707,2015-06-01
615,615,ID_708,2016-01-01
616,616,ID_709,2015-12-01
617,617,ID_710,2015-06-01
618,618,ID_711,2015-07-01
619,619,ID_712,2015-08-01
620,620,ID_713,2012-01-01
621,621,ID_714,2018-10-01
622,622,ID_715,2018-09-01
623,623,ID_716,2015-09-01
624,624,ID_717,2015-12-01
625,625,ID_718,2016-03-01
626,626,ID_719,2009-01-29
627,627,ID_720,1994-09-01
628,628,ID_721,2003-09-01
629,629,ID_722,1999-07-01
630,630,ID_723,2002-03-01
631,631,ID_724,2005-01-01
632,632,ID_725,2008-09-29
633,633,ID_726,2009-02-28
634,634,ID_727,2009-05-29
635,635,ID_728,2008-12-29
636,636,ID_729,2003-07-01
637,637,ID_730,2002-08-01
638,638,ID_731,2000-12-01
639,639,ID_732,2003-10-01
640,640,ID_733,2009-07-01
641,641,ID_734,1995-02-01
642,642,ID_735,2018-03-01
643,643,ID_736,1994-10-01
644,644,ID_737,2004-01-01
645,645,ID_738,2010-03-01
646,646,ID_739,2011-08-01
647,647,ID_740,2011-01-01
648,648,ID_741,2008-10-29
649,649,ID_742,2007-01-01
650,650,ID_743,2010-07-01
651,651,ID_744,2016-08-01
652,652,ID_745,2013-06-01
653,653,ID_746,2012-06-01
654,654,ID_747,2009-06-01
655,655,ID_748,2000-07-01
656,656,ID_749,2019-06-01
657,657,ID_750,2019-05-01
658,658,ID_752,2017-08-01
659,659,ID_753,2017-05-01
660,660,ID_754,2018-06-01
661,661,ID_755,2012-06-01
662,662,ID_756,2017-06-01
663,663,ID_758,2018-08-01
664,664,ID_759,2009-05-29
665,665,ID_760,2019-09-01
666,666,ID_761,2008-09-29
667,667,ID_762,2003-07-01
668,668,ID_764,2003-11-01
669,669,ID_765,2015-05-01
670,670,ID_766,2015-05-01
671,671,ID_767,2005-11-01
672,672,ID_769,2017-02-01
673,673,ID_770,2017-04-01
674,674,ID_771,2017-08-01
675,675,ID_772,2018-07-01
676,676,ID_773,1994-06-01
677,677,ID_774,1999-05-01
678,678,ID_775,1967-04-01
679,679,ID_776,1980-07-01
680,680,ID_777,1976-11-01
681,681,ID_780,1999-07-01
682,682,ID_781,2003-11-01
683,683,ID_782,2001-03-01
684,684,ID_783,1994-05-01
685,685,ID_784,1992-02-01
686,686,ID_785,1994-05-01
687,687,ID_787,2005-04-01
688,688,ID_788,2009-05-01
689,689,ID_790,2009-05-01
690,690,ID_791,2009-09-01
691,691,ID_792,2010-10-01
692,692,ID_793,2007-07-01
693,693,ID_794,2010-12-01
694,694,ID_796,2008-08-01
695,695,ID_798,2013-07-01
696,696,ID_799,2014-05-01
697,697,ID_801,2013-08-01
698,698,ID_802,2016-10-01
699,699,ID_804,2008-02-01
700,700,ID_805,2009-07-01
701,701,ID_806,2012-01-01
702,702,ID_808,2011-12-01
703,703,ID_809,1990-07-01
704,704,ID_810,2005-06-01
705,705,ID_812,1998-11-01
706,706,ID_813,2008-07-01
707,707,ID_814,2009-10-01
708,708,ID_815,2009-01-01
709,709,ID_816,2016-01-01
710,710,ID_818,1997-04-01
711,711,ID_819,2007-11-01
712,712,ID_820,2006-03-01
713,713,ID_823,2013-08-01
714,714,ID_824,2014-02-01
715,715,ID_825,2014-01-01
716,716,ID_826,2011-08-01
717,717,ID_827,2009-01-29
718,718,ID_829,1992-02-01
719,719,ID_830,1992-06-01
720,720,ID_831,1991-03-01
721,721,ID_832,1999-02-01
722,722,ID_833,2002-06-01
723,723,ID_834,1999-06-01
724,724,ID_835,2005-11-01
725,725,ID_836,1989-11-01
726,726,ID_837,1993-01-01
727,727,ID_838,2007-01-01
728,728,ID_839,1989-08-01
729,729,ID_840,2001-02-01
730,730,ID_841,2001-03-01
731,731,ID_842,2007-07-01
732,732,ID_843,2008-11-01
733,733,ID_844,2001-08-01
734,734,ID_845,2019-08-01
735,735,ID_846,2008-05-01
736,736,ID_847,2008-11-01
737,737,ID_848,2010-12-01
738,738,ID_849,2007-01-01
739,739,ID_850,2010-03-01
740,740,ID_851,2012-05-01
741,741,ID_852,1999-01-01
742,742,ID_853,2010-06-01
743,743,ID_854,2015-02-01
744,744,ID_855,2013-10-01
745,745,ID_856,2014-05-01
746,746,ID_858,2013-08-01
747,747,ID_859,2012-07-01
748,748,ID_861,2016-02-01
749,749,ID_862,2016-05-01
750,750,ID_863,2006-09-01
751,751,ID_865,2018-08-01
752,752,ID_866,2007-01-01
753,753,ID_868,2018-01-01
754,754,ID_870,2015-05-01
755,755,ID_871,2009-02-01
756,756,ID_872,2011-02-01
757,757,ID_874,2011-09-01
758,758,ID_875,2018-09-01
759,759,ID_876,2001-03-01
760,760,ID_877,2010-04-01
761,761,ID_878,1988-05-01
762,762,ID_880,2007-07-01
763,763,ID_881,2013-03-01
764,764,ID_882,2001-09-01
765,765,ID_883,2012-11-01
766,766,ID_884,2007-02-01
767,767,ID_885,2015-03-01
768,768,ID_886,2002-12-01
769,769,ID_887,1970-11-01
770,770,ID_889,2007-04-01
771,771,ID_890,2013-07-01
772,772,ID_891,2012-11-01
773,773,ID_892,2012-12-01
774,774,ID_893,2018-10-01
775,775,ID_894,2019-03-01
776,776,ID_895,2017-12-01
777,777,ID_896,2018-03-01
778,778,ID_897,2017-11-01
779,779,ID_898,2015-08-01
780,780,ID_899,2015-08-01
781,781,ID_900,2015-07-01
782,782,ID_901,2011-11-01
783,783,ID_902,2011-07-01
784,784,ID_903,2018-10-01
785,785,ID_904,2018-08-01
786,786,ID_905,2015-02-01
787,787,ID_906,2015-05-01
788,788,ID_907,2015-08-01
789,789,ID_908,1969-05-01
790,790,ID_909,1992-11-01
791,791,ID_910,1999-11-01
792,792,ID_911,1954-02-01
793,793,ID_913,1996-10-01
794,794,ID_914,1997-01-01
795,795,ID_915,1997-12-01
796,796,ID_916,1963-10-01
797,797,ID_917,1992-01-01
798,798,ID_918,1976-07-01
799,799,ID_919,1998-07-01
800,800,ID_920,2002-01-01
801,801,ID_921,1998-01-01
802,802,ID_922,2001-04-01
803,803,ID_923,2004-07-01
804,804,ID_924,1983-03-01
805,805,ID_925,1990-12-01
806,806,ID_926,2006-01-01
807,807,ID_927,1983-05-01
808,808,ID_928,1998-03-01
809,809,ID_929,1997-02-01
810,810,ID_930,2004-07-01
811,811,ID_931,2007-03-01
812,812,ID_932,2008-02-01
813,813,ID_933,1994-09-01
814,814,ID_934,2017-06-01
815,815,ID_935,2008-04-01
816,816,ID_936,2008-02-01
817,817,ID_937,2010-04-01
818,818,ID_938,2009-04-01
819,819,ID_939,2011-04-01
820,820,ID_940,2010-01-01
821,821,ID_941,1998-02-01
822,822,ID_942,2008-12-01
823,823,ID_943,2009-09-01
824,824,ID_944,2015-10-01
825,825,ID_945,2013-02-01
826,826,ID_946,2013-10-01
827,827,ID_948,2012-11-01
828,828,ID_949,2012-03-01
829,829,ID_951,2016-01-01
830,830,ID_952,2015-08-01
831,831,ID_953,2005-12-01
832,832,ID_955,2017-09-01
833,833,ID_956,2015-11-01
834,834,ID_957,2013-11-01
835,835,ID_958,2008-01-01
836,836,ID_959,2010-10-01
837,837,ID_961,2010-05-01
838,838,ID_963,2019-01-01
839,839,ID_964,2006-01-01
840,840,ID_965,2008-01-01
841,841,ID_966,1982-02-01
842,842,ID_967,2011-02-01
843,843,ID_968,2004-04-01
844,844,ID_969,2013-10-01
845,845,ID_970,1977-08-01
846,846,ID_971,2000-04-01
847,847,ID_972,2009-02-01
848,848,ID_973,2006-04-01
849,849,ID_974,2014-11-01
850,850,ID_975,2001-10-01
851,851,ID_976,1966-06-01
852,852,ID_981,2008-03-01
853,853,ID_982,1996-08-01
854,854,ID_983,1997-07-01
855,855,ID_984,2007-02-01
856,856,ID_985,2007-06-01
857,857,ID_986,2008-05-01
858,858,ID_987,2007-02-01
859,859,ID_988,2007-07-01
860,860,ID_989,2013-09-01
861,861,ID_990,2012-08-01
862,862,ID_991,2012-06-01
863,863,ID_992,2013-01-01
864,864,ID_993,2017-10-01
865,865,ID_994,2017-10-01
866,866,ID_995,2015-11-01
867,867,ID_996,2015-12-01
868,868,ID_997,2015-08-01
869,869,ID_998,2013-09-01
870,870,ID_999,2013-12-01
871,871,ID_1000,2014-03-01
872,872,ID_1001,2010-04-01
873,873,ID_1002,2018-01-01
874,874,ID_1003,2017-06-01
875,875,ID_1004,2013-08-01
876,876,ID_1005,2013-08-01
877,877,ID_1006,2013-12-01
878,878,ID_1007,1963-08-01
879,879,ID_1008,1990-06-01
880,880,ID_1009,1957-02-01
881,881,ID_1010,1996-07-01
882,882,ID_1011,1997-02-01
883,883,ID_1012,1965-09-01
884,884,ID_1013,1978-06-01
885,885,ID_1014,1998-07-01
886,886,ID_1015,2002-04-01
887,887,ID_1016,2004-06-01
888,888,ID_1017,1983-12-01
889,889,ID_1018,1988-09-01
890,890,ID_1019,2006-01-01
891,891,ID_1020,1983-11-01
892,892,ID_1021,1997-12-01
893,893,ID_1022,1999-11-01
894,894,ID_1023,2004-03-01
895,895,ID_1024,2007-08-01
896,896,ID_1025,2008-08-01
897,897,ID_1026,2017-09-01
898,898,ID_1027,2008-07-01
899,899,ID_1028,2008-05-01
900,900,ID_1029,2010-04-01
901,901,ID_1030,2010-01-01
902,902,ID_1031,2011-08-01
903,903,ID_1032,1998-02-01
904,904,ID_1033,2010-04-01
905,905,ID_1034,2014-12-01
906,906,ID_1035,2012-09-01
907,907,ID_1036,2013-07-01
908,908,ID_1038,2012-08-01
909,909,ID_1039,2011-05-01
910,910,ID_1041,2015-10-01
911,911,ID_1042,2015-08-01
912,912,ID_1043,2005-09-01
913,913,ID_1045,2017-08-01
914,914,ID_1046,2006-11-01
915,915,ID_1048,2016-02-01
916,916,ID_1050,2013-06-01
917,917,ID_1051,2008-09-01
918,918,ID_1052,2010-06-01
919,919,ID_1054,2010-08-01
920,920,ID_1055,2018-05-01
921,921,ID_1056,2006-01-01
922,922,ID_1057,2009-12-01
923,923,ID_1058,2005-08-01
924,924,ID_1060,2003-06-01
925,925,ID_1061,2008-08-01
926,926,ID_1062,1999-05-01
927,927,ID_1063,2000-07-01
928,928,ID_1064,2008-11-01
929,929,ID_1065,2006-05-01
930,930,ID_1066,2014-06-01
931,931,ID_1067,2002-01-01
932,932,ID_1072,2007-02-01
933,933,ID_1073,2012-12-01
934,934,ID_1074,2012-12-01
935,935,ID_1075,2012-07-01
936,936,ID_1076,2017-12-01
937,937,ID_1077,2017-08-01
938,938,ID_1078,2016-02-01
939,939,ID_1079,2015-08-01
940,940,ID_1080,2016-02-01
941,941,ID_1081,2014-01-01
942,942,ID_1082,2013-06-01
943,943,ID_1083,2013-08-01
944,944,ID_1084,2010-08-01
945,945,ID_1085,2017-07-01
946,946,ID_1086,2017-12-01
947,947,ID_1087,2013-11-01
948,948,ID_1088,2014-01-01
949,949,ID_1089,1994-10-01
950,950,ID_1090,1990-11-01
951,951,ID_1091,1996-12-01
952,952,ID_1092,1998-11-01
953,953,ID_1093,1998-02-01
954,954,ID_1094,1986-12-01
955,955,ID_1095,1993-09-01
956,956,ID_1096,1978-03-01
957,957,ID_1097,2015-03-01
958,958,ID_1098,2011-07-01
959,959,ID_1099,1998-05-01
960,960,ID_1100,2005-12-01
961,961,ID_1101,2003-06-01
962,962,ID_1102,2005-05-01
963,963,ID_1103,1993-04-01
964,964,ID_1104,2010-11-01
965,965,ID_1105,2002-12-01
966,966,ID_1106,2011-10-01
967,967,ID_1107,2008-09-01
968,968,ID_1108,2012-02-01
969,969,ID_1109,1994-05-01
970,970,ID_1110,2012-06-01
971,971,ID_1111,2011-09-01
972,972,ID_1112,2012-07-01
973,973,ID_1113,2011-11-01
974,974,ID_1114,2012-10-01
975,975,ID_1115,2013-08-01
976,976,ID_1116,2012-03-01
977,977,ID_1117,2010-05-01
978,978,ID_1118,2014-12-01
979,979,ID_1119,2016-08-01
980,980,ID_1121,2015-07-01
981,981,ID_1122,2016-10-01
982,982,ID_1124,2017-10-01
983,983,ID_1125,2011-05-01
984,984,ID_1126,2013-12-01
985,985,ID_1128,2014-02-01
986,986,ID_1130,1995-07-01
987,987,ID_1131,2007-04-01
988,988,ID_1132,1985-09-01
989,989,ID_1134,2007-03-01
990,990,ID_1135,2011-12-01
991,991,ID_1136,2011-02-01
992,992,ID_1137,2002-03-01
993,993,ID_1138,2011-07-01
994,994,ID_1139,2008-03-01
995,995,ID_1140,2019-02-01
996,996,ID_1141,2005-07-01
997,997,ID_1143,2015-08-01
998,998,ID_1144,2009-11-01
999,999,ID_1145,2011-10-01
1000,1000,ID_1146,2015-07-01
1001,1001,ID_1147,2015-12-01
1002,1002,ID_1148,2015-06-01
1003,1003,ID_1149,2017-10-01
1004,1004,ID_1150,2017-08-01
1005,1005,ID_1151,2014-01-01
1006,1006,ID_1152,2017-08-01
1007,1007,ID_1153,2017-11-01
1008,1008,ID_1154,1964-12-01
1009,1009,ID_1155,2001-06-01
1010,1010,ID_1156,1997-09-01
1011,1011,ID_1157,1997-11-01
1012,1012,ID_1158,1998-10-01
1013,1013,ID_1159,1966-02-01
1014,1014,ID_1160,1992-11-01
1015,1015,ID_1161,1975-11-01
1016,1016,ID_1162,1976-02-01
1017,1017,ID_1163,1999-06-01
1018,1018,ID_1164,2002-06-01
1019,1019,ID_1165,1998-10-01
1020,1020,ID_1166,2005-06-01
1021,1021,ID_1167,1986-02-01
1022,1022,ID_1168,1993-05-01
1023,1023,ID_1169,2006-07-01
1024,1024,ID_1170,1993-01-01
1025,1025,ID_1171,1986-01-01
1026,1026,ID_1172,1998-08-01
1027,1027,ID_1173,2001-04-01
1028,1028,ID_1174,2005-05-01
1029,1029,ID_1175,2008-05-01
1030,1030,ID_1176,2008-11-01
1031,1031,ID_1177,1996-08-01
1032,1032,ID_1178,2018-11-01
1033,1033,ID_1179,2008-02-01
1034,1034,ID_1180,2008-12-01
1035,1035,ID_1181,2010-09-01
1036,1036,ID_1182,2010-09-01
1037,1037,ID_1183,2011-10-01
1038,1038,ID_1184,2010-02-01
1039,1039,ID_1185,2008-04-01
1040,1040,ID_1186,2008-10-01
1041,1041,ID_1187,2011-03-01
1042,1042,ID_1188,2015-12-01
1043,1043,ID_1189,2013-08-01
1044,1044,ID_1190,2014-03-01
1045,1045,ID_1192,2014-08-01
1046,1046,ID_1193,2012-09-01
1047,1047,ID_1195,2016-08-01
1048,1048,ID_1196,2018-07-01
1049,1049,ID_1197,2006-04-01
1050,1050,ID_1199,2017-08-01
1051,1051,ID_1200,2015-11-01
1052,1052,ID_1201,2014-11-01
1053,1053,ID_1202,2008-08-01
1054,1054,ID_1203,2011-09-01
1055,1055,ID_1205,2010-10-01
1056,1056,ID_1207,2019-12-01
1057,1057,ID_1208,1998-03-01
1058,1058,ID_1209,2010-08-01
1059,1059,ID_1210,1987-12-01
1060,1060,ID_1211,2010-09-01
1061,1061,ID_1212,2003-02-01
1062,1062,ID_1214,2012-05-01
1063,1063,ID_1215,1954-08-01
1064,1064,ID_1216,2000-08-01
1065,1065,ID_1217,2009-03-01
1066,1066,ID_1218,2007-01-01
1067,1067,ID_1219,2015-08-01
1068,1068,ID_1220,2002-05-01
1069,1069,ID_1221,1948-02-01
1070,1070,ID_1227,2008-06-01
1071,1071,ID_1228,2008-02-01
1072,1072,ID_1229,2008-06-01
1073,1073,ID_1230,2016-08-01
1074,1074,ID_1231,2007-10-01
1075,1075,ID_1232,2010-09-01
1076,1076,ID_1233,2013-08-01
1077,1077,ID_1234,2014-05-01
1078,1078,ID_1235,2008-06-01
1079,1079,ID_1236,2007-04-01
1080,1080,ID_1237,2007-04-01
1081,1081,ID_1238,2014-01-01
1082,1082,ID_1239,2014-08-01
1083,1083,ID_1240,2014-11-01
1084,1084,ID_1241,2014-09-01
1085,1085,ID_1242,2018-03-01
1086,1086,ID_1243,2017-08-01
1087,1087,ID_1244,2016-01-01
1088,1088,ID_1245,2016-04-01
1089,1089,ID_1246,2015-11-01
1090,1090,ID_1247,2014-07-01
1091,1091,ID_1248,2014-02-01
1092,1092,ID_1249,2014-02-01
1093,1093,ID_1250,2010-09-01
1094,1094,ID_1251,2017-12-01
1095,1095,ID_1252,2017-08-01
1096,1096,ID_1253,2014-03-01
1097,1097,ID_1254,2014-03-01
1098,1098,ID_1255,2014-02-01
1099,1099,ID_1256,1963-06-01
1100,1100,ID_1257,1991-07-01
1101,1101,ID_1258,2010-01-01
1102,1102,ID_1260,1997-04-01
1103,1103,ID_1261,1997-05-01
1104,1104,ID_1262,1999-02-01
1105,1105,ID_1263,1964-01-01
1106,1106,ID_1264,1977-07-01
1107,1107,ID_1265,1999-03-01
1108,1108,ID_1266,2001-12-01
1109,1109,ID_1267,1998-08-01
1110,1110,ID_1268,2005-03-01
1111,1111,ID_1269,1983-10-01
1112,1112,ID_1270,1989-12-01
1113,1113,ID_1271,2006-02-01
1114,1114,ID_1272,1984-02-01
1115,1115,ID_1273,1990-02-01
1116,1116,ID_1274,2004-07-01
1117,1117,ID_1275,2007-02-01
1118,1118,ID_1276,2008-03-01
1119,1119,ID_1277,1996-07-01
1120,1120,ID_1278,2017-12-01
1121,1121,ID_1279,2008-06-01
1122,1122,ID_1280,2008-07-01
1123,1123,ID_1281,2010-03-01
1124,1124,ID_1282,2010-07-01
1125,1125,ID_1283,2011-03-01
1126,1126,ID_1284,2010-01-01
1127,1127,ID_1285,1998-04-01
1128,1128,ID_1286,2013-06-01
1129,1129,ID_1287,2015-07-01
1130,1130,ID_1288,2013-07-01
1131,1131,ID_1289,2014-01-01
1132,1132,ID_1291,2012-12-01
1133,1133,ID_1292,2012-03-01
1134,1134,ID_1294,2015-08-01
1135,1135,ID_1295,2005-09-01
1136,1136,ID_1297,2018-07-01
1137,1137,ID_1298,2007-03-01
1138,1138,ID_1301,2015-07-01
1139,1139,ID_1303,2013-11-01
1140,1140,ID_1304,2008-02-01
1141,1141,ID_1305,2010-11-01
1142,1142,ID_1307,2010-02-01
1143,1143,ID_1308,2019-01-01
1144,1144,ID_1309,2006-06-01
1145,1145,ID_1310,2010-02-01
1146,1146,ID_1311,1985-03-01
1147,1147,ID_1312,2011-01-01
1148,1148,ID_1313,2003-04-01
1149,1149,ID_1315,2012-03-01
1150,1150,ID_1316,2000-05-01
1151,1151,ID_1317,2009-02-01
1152,1152,ID_1318,2005-12-01
1153,1153,ID_1319,2015-04-01
1154,1154,ID_1320,2001-08-01
1155,1155,ID_1324,2012-08-01
1156,1156,ID_1325,2012-08-01
1157,1157,ID_1326,2012-11-01
1158,1158,ID_1327,2018-09-01
1159,1159,ID_1328,2018-07-01
1160,1160,ID_1329,2015-10-01
1161,1161,ID_1330,2016-03-01
1162,1162,ID_1331,2015-10-01
1163,1163,ID_1332,2014-01-01
1164,1164,ID_1333,2013-12-01
1165,1165,ID_1334,2013-11-01
1166,1166,ID_1335,2010-09-01
1167,1167,ID_1336,2019-01-01
1168,1168,ID_1337,2019-01-01
1169,1169,ID_1338,2013-06-01
1170,1170,ID_1339,2013-06-01
1171,1171,ID_1340,1966-01-01
1172,1172,ID_1341,2001-06-01
1173,1173,ID_1342,2009-01-29
1174,1174,ID_1343,1997-09-01
1175,1175,ID_1344,1997-07-01
1176,1176,ID_1345,1997-11-01
1177,1177,ID_1346,1964-08-01
1178,1178,ID_1347,1994-06-01
1179,1179,ID_1348,1976-06-01
1180,1180,ID_1349,1998-11-01
1181,1181,ID_1350,2003-05-01
1182,1182,ID_1351,1998-04-01
1183,1183,ID_1352,2005-08-01
1184,1184,ID_1353,2003-01-01
1185,1185,ID_1354,1995-11-01
1186,1186,ID_1355,1989-03-01
1187,1187,ID_1356,2005-12-01
1188,1188,ID_1357,1996-06-01
1189,1189,ID_1358,2009-02-28
1190,1190,ID_1359,2004-05-01
1191,1191,ID_1360,2006-02-01
1192,1192,ID_1361,2007-11-01
1193,1193,ID_1362,2009-09-01
1194,1194,ID_1363,1996-07-01
1195,1195,ID_1364,2016-11-01
1196,1196,ID_1365,2008-05-01
1197,1197,ID_1366,2009-05-01
1198,1198,ID_1367,2010-10-01
1199,1199,ID_1368,2010-02-01
1200,1200,ID_1369,2012-04-01
1201,1201,ID_1370,2010-07-01
1202,1202,ID_1371,1999-01-01
1203,1203,ID_1372,2009-09-01
1204,1204,ID_1373,2010-09-01
1205,1205,ID_1374,2014-09-01
1206,1206,ID_1375,2014-09-01
1207,1207,ID_1377,2013-11-01
1208,1208,ID_1378,2013-02-01
1209,1209,ID_1379,2017-05-01
1210,1210,ID_1380,2017-02-01
1211,1211,ID_1381,2006-05-01
1212,1212,ID_1383,2019-04-01
1213,1213,ID_1385,2017-02-01
1214,1214,ID_1387,2014-05-01
1215,1215,ID_1388,2008-07-01
1216,1216,ID_1389,2014-03-01
1217,1217,ID_1391,2011-01-01
1218,1218,ID_1393,1999-02-01
1219,1219,ID_1394,1988-03-01
1220,1220,ID_1395,2011-10-01
1221,1221,ID_1396,2004-03-01
1222,1222,ID_1397,1999-08-01
1223,1223,ID_1398,2000-11-01
1224,1224,ID_1399,2009-07-01
1225,1225,ID_1400,2006-09-01
1226,1226,ID_1401,2015-07-01
1227,1227,ID_1402,2002-05-01
1228,1228,ID_1405,2016-03-01
1229,1229,ID_1406,2006-11-01
1230,1230,ID_1407,2007-08-01
1231,1231,ID_1408,2013-08-01
1232,1232,ID_1409,2013-05-01
1233,1233,ID_1410,2013-05-01
1234,1234,ID_1411,2018-12-01
1235,1235,ID_1412,2019-01-01
1236,1236,ID_1413,2016-09-01
1237,1237,ID_1414,2017-01-01
1238,1238,ID_1415,2016-08-01
1239,1239,ID_1416,2014-09-01
1240,1240,ID_1417,2014-10-01
1241,1241,ID_1418,2014-03-01
1242,1242,ID_1419,2010-10-01
1243,1243,ID_1420,2019-02-01
1244,1244,ID_1421,2019-07-01
1245,1245,ID_1422,2014-06-01
1246,1246,ID_1423,2014-07-01
1247,1247,ID_1424,2014-07-01
1248,1248,ID_1425,2008-08-29
1249,1249,ID_1426,1993-04-01
1250,1250,ID_1427,1975-11-01
1251,1251,ID_1429,1998-01-01
1252,1252,ID_1430,1997-09-01
1253,1253,ID_1431,1999-07-01
1254,1254,ID_1432,2009-05-29
1255,1255,ID_1433,1977-09-01
1256,1256,ID_1434,2007-06-01
1257,1257,ID_1435,2001-12-01
1258,1258,ID_1436,1998-12-01
1259,1259,ID_1437,2006-05-01
1260,1260,ID_1438,1985-02-01
1261,1261,ID_1439,1990-07-01
1262,1262,ID_1440,1985-08-01
1263,1263,ID_1441,1999-01-01
1264,1264,ID_1442,2001-06-01
1265,1265,ID_1443,2004-12-01
1266,1266,ID_1444,2007-02-01
1267,1267,ID_1445,2008-09-01
1268,1268,ID_1446,2008-11-01
1269,1269,ID_1448,2008-02-01
1270,1270,ID_1449,2008-09-01
1271,1271,ID_1450,2011-01-01
1272,1272,ID_1451,2010-04-01
1273,1273,ID_1452,2008-09-01
1274,1274,ID_1453,2011-03-01
1275,1275,ID_1454,2010-06-01
1276,1276,ID_1455,1999-06-01
1277,1277,ID_1456,2012-04-01
1278,1278,ID_1457,2016-07-01
1279,1279,ID_1458,2013-10-01
1280,1280,ID_1459,2014-05-01
1281,1281,ID_1464,2008-11-29
1282,1282,ID_1467,2019-02-01
1283,1283,ID_1472,2008-10-01
1284,1284,ID_1473,2010-11-01
1285,1285,ID_1475,2010-09-01
1286,1286,ID_1479,1991-04-01
1287,1287,ID_1480,2011-05-01
1288,1288,ID_1481,1985-06-01
1289,1289,ID_1482,2003-06-01
1290,1290,ID_1483,2009-10-01
1291,1291,ID_1484,1989-06-01
1292,1292,ID_1485,2001-04-01
1293,1293,ID_1486,2009-06-01
1294,1294,ID_1487,2006-08-01
1295,1295,ID_1488,2015-02-01
1296,1296,ID_1489,2002-05-01
1297,1297,ID_1490,1998-06-01
1298,1298,ID_1495,2008-06-01
1299,1299,ID_1496,2007-10-01
1300,1300,ID_1497,2007-04-01
1301,1301,ID_1498,2014-08-01
1302,1302,ID_1499,2014-04-01
1303,1303,ID_1500,2008-05-01
1304,1304,ID_1502,2007-03-01
1305,1305,ID_1503,2007-06-01
1306,1306,ID_1504,2006-05-01
1307,1307,ID_1505,2018-07-01
1308,1308,ID_1506,2018-10-01
1309,1309,ID_1507,2011-03-01
1310,1310,ID_1508,2018-11-01
1311,1311,ID_1509,2018-10-01
1312,1312,ID_1510,2008-10-29
1313,1313,ID_1511,2009-06-29
1314,1314,ID_1512,2009-06-29
1315,1315,ID_1513,1994-01-01
1316,1316,ID_1514,1997-06-01
1317,1317,ID_1515,1998-03-01
1318,1318,ID_1516,1999-09-01
1319,1319,ID_1517,1988-12-01
1320,1320,ID_1518,1992-05-01
1321,1321,ID_1519,1975-05-01
1322,1322,ID_1520,1999-06-01
1323,1323,ID_1521,2002-02-01
1324,1324,ID_1522,1998-11-01
1325,1325,ID_1523,2008-10-29
1326,1326,ID_1524,2008-08-29
1327,1327,ID_1525,1989-10-01
1328,1328,ID_1526,2006-12-01
1329,1329,ID_1527,2008-11-29
1330,1330,ID_1528,1999-02-01
1331,1331,ID_1529,2007-01-01
1332,1332,ID_1530,2008-07-01
1333,1333,ID_1531,2010-02-01
1334,1334,ID_1532,2018-05-01
1335,1335,ID_1533,2008-09-01
1336,1336,ID_1534,2009-10-01
1337,1337,ID_1535,2011-12-01
1338,1338,ID_1536,2010-06-01
1339,1339,ID_1537,2013-05-01
1340,1340,ID_1538,2011-04-01
1341,1341,ID_1539,1998-09-01
1342,1342,ID_1540,2011-05-01
1343,1343,ID_1541,2016-04-01
1344,1344,ID_1542,2009-01-29
1345,1345,ID_1543,2008-11-29
1346,1346,ID_1545,2008-11-29
1347,1347,ID_1546,2018-09-01
1348,1348,ID_1548,2008-11-29
1349,1349,ID_1549,2016-03-01
1350,1350,ID_1550,2006-08-01
1351,1351,ID_1552,2018-02-01
1352,1352,ID_1553,2007-06-01
1353,1353,ID_1555,2009-05-29
1354,1354,ID_1557,2015-02-01
1355,1355,ID_1558,2007-11-01
1356,1356,ID_1559,2010-11-01
1357,1357,ID_1561,2011-02-01
1358,1358,ID_1563,1991-07-01
1359,1359,ID_1564,2005-01-01
1360,1360,ID_1565,2008-10-29
1361,1361,ID_1569,2009-09-01
1362,1362,ID_1570,1998-10-01
1363,1363,ID_1571,2001-10-01
1364,1364,ID_1572,2010-04-01
1365,1365,ID_1573,2009-01-29
1366,1366,ID_1574,2017-08-01
1367,1367,ID_1575,2002-10-01
1368,1368,ID_1576,2009-02-28
1369,1369,ID_1578,2006-03-01
1370,1370,ID_1579,2009-02-28
1371,1371,ID_1580,2009-01-29
1372,1372,ID_1581,2008-09-29
1373,1373,ID_1582,2018-06-01
1374,1374,ID_1583,2017-12-01
1375,1375,ID_1584,2008-11-29
1376,1376,ID_1585,2009-05-29
1377,1377,ID_1586,2009-01-29
1378,1378,ID_1587,2015-05-01
1379,1379,ID_1588,2015-08-01
1380,1380,ID_1589,2015-10-01
1381,1381,ID_1590,2011-04-01
1382,1382,ID_1591,2017-12-01
1383,1383,ID_1592,2018-06-01
1384,1384,ID_1593,2015-08-01
1385,1385,ID_1594,2015-02-01
1386,1386,ID_1595,2015-10-01
1387,1387,ID_1596,1981-09-01
1388,1388,ID_1597,1999-09-01
1389,1389,ID_1598,1993-12-01
1390,1390,ID_1599,1993-02-01
1391,1391,ID_1600,1998-04-01
1392,1392,ID_1601,1997-11-01
1393,1393,ID_1602,1999-10-01
1394,1394,ID_1603,1992-05-01
1395,1395,ID_1604,1993-05-01
1396,1396,ID_1605,1991-09-01
1397,1397,ID_1606,1998-12-01
1398,1398,ID_1607,2002-04-01
1399,1399,ID_1608,1999-11-01
1400,1400,ID_1609,2005-06-01
1401,1401,ID_1610,1984-12-01
1402,1402,ID_1611,1993-01-01
1403,1403,ID_1612,2006-05-01
1404,1404,ID_1613,1985-04-01
1405,1405,ID_1614,1999-04-01
1406,1406,ID_1615,2003-09-01
1407,1407,ID_1616,2005-07-01
1408,1408,ID_1617,2008-01-01
1409,1409,ID_1618,2009-01-01
1410,1410,ID_1619,1994-08-01
1411,1411,ID_1620,2018-08-01
1412,1412,ID_1621,2008-03-01
1413,1413,ID_1622,2009-04-01
1414,1414,ID_1623,2010-05-01
1415,1415,ID_1624,2007-09-01
1416,1416,ID_1625,2010-05-01
1417,1417,ID_1626,2011-12-01
1418,1418,ID_1627,1999-06-01
1419,1419,ID_1628,2010-04-01
1420,1420,ID_1629,2016-07-01
1421,1421,ID_1630,2008-12-29
1422,1422,ID_1631,2014-04-01
1423,1423,ID_1633,2013-05-01
1424,1424,ID_1634,2013-07-01
1425,1425,ID_1636,2018-09-01
1426,1426,ID_1637,2006-03-01
1427,1427,ID_1639,2018-09-01
1428,1428,ID_1641,2015-12-01
1429,1429,ID_1643,2014-01-01
1430,1430,ID_1644,2008-08-01
1431,1431,ID_1645,2011-01-01
1432,1432,ID_1647,2011-05-01
1433,1433,ID_1648,2019-05-01
1434,1434,ID_1649,1994-06-01
1435,1435,ID_1650,2013-07-01
1436,1436,ID_1651,1998-11-01
1437,1437,ID_1652,2010-10-01
1438,1438,ID_1653,2004-02-01
1439,1439,ID_1655,2008-04-01
1440,1440,ID_1656,2001-07-01
1441,1441,ID_1657,2010-04-01
1442,1442,ID_1658,2007-12-01
1443,1443,ID_1659,2016-03-01
1444,1444,ID_1660,2003-08-01
1445,1445,ID_1662,2006-08-01
1446,1446,ID_1663,2013-05-01
1447,1447,ID_1664,2013-04-01
1448,1448,ID_1665,2013-07-01
1449,1449,ID_1666,2018-04-01
1450,1450,ID_1667,2018-08-01
1451,1451,ID_1668,2016-03-01
1452,1452,ID_1669,2015-11-01
1453,1453,ID_1670,2016-01-01
1454,1454,ID_1671,2014-02-01
1455,1455,ID_1672,2013-08-01
1456,1456,ID_1673,2013-08-01
1457,1457,ID_1674,2010-08-01
1458,1458,ID_1675,2018-10-01
1459,1459,ID_1676,2018-08-01
1460,1460,ID_1677,2014-01-01
1461,1461,ID_1678,2013-10-01
1462,1462,ID_1679,2013-05-01
1463,1463,ID_1680,2009-01-29
1464,1464,ID_1681,2000-02-01
1465,1465,ID_1682,2014-11-01
1466,1466,ID_1683,1970-02-01
1467,1467,ID_1684,1995-06-01
1468,1468,ID_1685,1997-06-01
1469,1469,ID_1686,2000-07-01
1470,1470,ID_1687,1999-09-01
1471,1471,ID_1688,1995-10-01
1472,1472,ID_1689,1994-06-01
1473,1473,ID_1690,1979-01-01
1474,1474,ID_1691,2001-03-01
1475,1475,ID_1692,2001-09-01
1476,1476,ID_1693,1998-11-01
1477,1477,ID_1694,2005-02-01
1478,1478,ID_1695,1985-01-01
1479,1479,ID_1696,1991-10-01
1480,1480,ID_1697,1985-02-01
1481,1481,ID_1698,1999-01-01
1482,1482,ID_1699,2007-06-01
1483,1483,ID_1700,2009-02-01
1484,1484,ID_1701,1996-02-01
1485,1485,ID_1702,2008-09-01
1486,1486,ID_1703,2009-08-01
1487,1487,ID_1704,2009-10-01
1488,1488,ID_1705,2010-04-01
1489,1489,ID_1706,2012-09-01
1490,1490,ID_1707,2010-07-01
1491,1491,ID_1708,1998-06-01
1492,1492,ID_1709,2012-12-01
1493,1493,ID_1710,2013-09-01
1494,1494,ID_1712,2013-12-01
1495,1495,ID_1713,2017-10-01
1496,1496,ID_1714,2016-10-01
1497,1497,ID_1716,2017-09-01
1498,1498,ID_1717,2017-04-01
1499,1499,ID_1718,2015-01-01
1500,1500,ID_1719,2008-10-01
1501,1501,ID_1720,2011-04-01
1502,1502,ID_1722,2010-09-01
1503,1503,ID_1723,2018-10-01
1504,1504,ID_1725,2002-08-01
1505,1505,ID_1726,2012-01-01
1506,1506,ID_1727,1999-07-01
1507,1507,ID_1728,2000-09-01
1508,1508,ID_1729,2009-01-01
1509,1509,ID_1730,2006-09-01
1510,1510,ID_1731,2015-06-01
1511,1511,ID_1732,2002-01-01
1512,1512,ID_1734,2016-03-01
1513,1513,ID_1735,2007-02-01
1514,1514,ID_1736,2007-02-01
1515,1515,ID_1737,2014-10-01
1516,1516,ID_1738,2006-04-01
1517,1517,ID_1739,2013-10-01
1518,1518,ID_1740,2014-02-01
1519,1519,ID_1741,2013-11-01
1520,1520,ID_1742,2018-03-01
1521,1521,ID_1743,2018-02-01
1522,1522,ID_1744,2018-01-01
1523,1523,ID_1745,2017-10-01
1524,1524,ID_1746,2017-08-01
1525,1525,ID_1747,2015-02-01
1526,1526,ID_1748,2014-11-01
1527,1527,ID_1749,2014-05-01
1528,1528,ID_1750,2010-12-01
1529,1529,ID_1751,2018-06-01
1530,1530,ID_1752,2018-05-01
1531,1531,ID_1753,2014-10-01
1532,1532,ID_1754,2014-08-01
1533,1533,ID_1755,2014-09-01
1534,1534,ID_1807,1964-09-01
1535,1535,ID_1808,1998-06-01
1536,1536,ID_1809,1956-03-01
1537,1537,ID_1811,1997-09-01
1538,1538,ID_1812,1997-07-01
1539,1539,ID_1813,1998-06-01
1540,1540,ID_1814,1966-04-01
1541,1541,ID_1815,1992-12-01
1542,1542,ID_1816,1975-06-01
1543,1543,ID_1817,1998-11-01
1544,1544,ID_1818,2002-02-01
1545,1545,ID_1819,1999-04-01
1546,1546,ID_1820,2005-06-01
1547,1547,ID_1821,1984-10-01
1548,1548,ID_1822,1989-10-01
1549,1549,ID_1823,2006-11-01
1550,1550,ID_1824,1993-02-01
1551,1551,ID_1825,1984-05-01
1552,1552,ID_1826,1998-10-01
1553,1553,ID_1827,2000-02-01
1554,1554,ID_1828,2006-01-01
1555,1555,ID_1829,2008-03-01
1556,1556,ID_1830,1995-09-01
1557,1557,ID_1831,2018-12-01
1558,1558,ID_1832,2008-12-01
1559,1559,ID_1833,2009-02-01
1560,1560,ID_1834,2010-09-01
1561,1561,ID_1835,2007-03-01
1562,1562,ID_1836,2010-04-01
1563,1563,ID_1837,2011-02-01
1564,1564,ID_1838,1999-04-01
1565,1565,ID_1839,2009-08-01
1566,1566,ID_1840,2011-03-01
1567,1567,ID_1841,2015-09-01
1568,1568,ID_1842,2013-04-01
1569,1569,ID_1843,2014-05-01
1570,1570,ID_1845,2014-02-01
1571,1571,ID_1846,2016-07-01
1572,1572,ID_1847,2012-03-01
1573,1573,ID_1849,2016-01-01
1574,1574,ID_1850,2016-08-01
1575,1575,ID_1851,2006-10-01
1576,1576,ID_1853,2018-07-01
1577,1577,ID_1854,2007-07-01
1578,1578,ID_1855,2017-05-01
1579,1579,ID_1856,2014-08-01
1580,1580,ID_1857,2009-02-01
1581,1581,ID_1858,2010-09-01
1582,1582,ID_1860,2011-03-01
1583,1583,ID_1861,2018-12-01
1584,1584,ID_1862,1992-12-01
1585,1585,ID_1863,2010-03-01
1586,1586,ID_1864,1985-12-01
1587,1587,ID_1865,2003-07-01
1588,1588,ID_1866,2010-11-01
1589,1589,ID_1867,1992-11-01
1590,1590,ID_1868,2000-12-01
1591,1591,ID_1869,2009-07-01
1592,1592,ID_1870,2006-11-01
1593,1593,ID_1871,2016-06-01
1594,1594,ID_1872,2001-09-01
1595,1595,ID_1880,2011-01-01
1596,1596,ID_1881,2012-11-01
1597,1597,ID_1882,2014-03-01
1598,1598,ID_1883,2007-07-01
1599,1599,ID_1884,2014-07-01
1600,1600,ID_1885,2014-02-01
1601,1601,ID_1886,2014-05-01
1602,1602,ID_1887,2013-09-01
1603,1603,ID_1888,2019-01-01
1604,1604,ID_1889,2018-08-01
1605,1605,ID_1890,2016-10-01
1606,1606,ID_1891,2017-01-01
1607,1607,ID_1892,2017-03-01
1608,1608,ID_1893,2015-02-01
1609,1609,ID_1894,2014-08-01
1610,1610,ID_1895,2015-03-01
1611,1611,ID_1896,2011-09-01
1612,1612,ID_1897,2019-01-01
1613,1613,ID_1898,2018-09-01
1614,1614,ID_1899,2014-09-01
1615,1615,ID_1900,2014-11-01
1616,1616,ID_1901,2015-01-01
1617,1617,ID_1902,1975-03-01
1618,1618,ID_1903,1957-10-01
1619,1619,ID_1904,2000-07-01
1620,1620,ID_1905,2007-05-01
1621,1621,ID_1906,2006-10-01
1622,1622,ID_1907,2009-01-01
1623,1623,ID_1908,2009-08-01
1624,1624,ID_1909,1973-09-01
1625,1625,ID_1910,1973-12-01
1626,1626,ID_1911,2002-08-01
1627,1627,ID_1912,2001-08-01
1628,1628,ID_1913,2005-02-01
1629,1629,ID_1914,1986-02-01
1630,1630,ID_1915,1989-08-01
1631,1631,ID_1916,1985-12-01
1632,1632,ID_1917,1989-02-01
1633,1633,ID_1918,2006-12-01
1634,1634,ID_1919,2010-02-01
1635,1635,ID_1920,2010-03-01
1636,1636,ID_1921,2015-01-01
1637,1637,ID_1922,2008-12-01
1638,1638,ID_1923,2015-10-01
1639,1639,ID_1924,2011-11-01
1640,1640,ID_1925,2010-06-01
1641,1641,ID_1926,2015-09-01
1642,1642,ID_1927,2011-06-01
1643,1643,ID_1928,2011-02-01
1644,1644,ID_1929,2012-04-01
1645,1645,ID_1930,2013-11-01
1646,1646,ID_1932,2014-05-01
1647,1647,ID_1933,2016-02-01
1648,1648,ID_1936,2016-09-01
1649,1649,ID_1938,2016-05-01
1650,1650,ID_1939,2009-02-01
1651,1651,ID_1940,2012-08-01
1652,1652,ID_1941,2013-09-01
1653,1653,ID_1943,2010-07-01
1654,1654,ID_1945,2007-02-01
1655,1655,ID_1946,2007-02-01
1656,1656,ID_1948,2010-12-01
1657,1657,ID_1949,2002-08-01
1658,1658,ID_1950,2013-10-01
1659,1659,ID_1951,2010-07-01
1660,1660,ID_1952,2007-10-01
1661,1661,ID_1956,2011-12-01
1662,1662,ID_1957,2011-07-01
1663,1663,ID_1958,2015-04-01
1664,1664,ID_1959,2008-04-01
1665,1665,ID_1960,2009-01-01
1666,1666,ID_1961,2008-10-01
1667,1667,ID_1962,2014-11-01
1668,1668,ID_1963,2015-01-01
1669,1669,ID_1964,2014-09-01
1670,1670,ID_1965,2016-08-01
1671,1671,ID_1966,2016-08-01
1672,1672,ID_1967,2016-04-01
1673,1673,ID_1968,2016-04-01
1674,1674,ID_1969,2016-05-01
1675,1675,ID_1970,2016-05-01
1676,1676,ID_1971,2010-09-01
1677,1677,ID_1972,2010-11-01
1678,1678,ID_1973,2016-03-01
1679,1679,ID_1974,2016-01-01
1680,1680,ID_1975,2016-04-01
1681,1681,ID_1976,1985-12-01
1682,1682,ID_1977,1996-05-01
1683,1683,ID_1978,1995-11-01
1684,1684,ID_1979,1996-01-01
1685,1685,ID_1980,1997-12-01
1686,1686,ID_1981,1998-06-01
1687,1687,ID_1982,2000-10-01
1688,1688,ID_1983,1985-02-01
1689,1689,ID_1984,1990-12-01
1690,1690,ID_1985,1999-11-01
1691,1691,ID_1986,2002-01-01
1692,1692,ID_1987,1998-07-01
1693,1693,ID_1988,2005-01-01
1694,1694,ID_1989,1984-03-01
1695,1695,ID_1990,1992-05-01
1696,1696,ID_1991,1983-11-01
1697,1697,ID_1992,2003-03-01
1698,1698,ID_1993,2008-02-01
1699,1699,ID_1994,2007-08-01
1700,1700,ID_1995,2009-04-01
1701,1701,ID_1996,1997-04-01
1702,1702,ID_1997,2019-06-01
1703,1703,ID_1998,2008-08-01
1704,1704,ID_1999,2009-06-01
1705,1705,ID_2000,2011-12-01
1706,1706,ID_2001,2010-01-01
1707,1707,ID_2002,2013-05-01
1708,1708,ID_2003,2011-01-01
1709,1709,ID_2004,1998-05-01
1710,1710,ID_2005,2014-08-01
1711,1711,ID_2006,2015-05-01
1712,1712,ID_2008,2013-04-01
1713,1713,ID_2009,2015-08-01
1714,1714,ID_2010,2016-07-01
1715,1715,ID_2011,2018-05-01
1716,1716,ID_2012,2008-01-01
1717,1717,ID_2013,2011-05-01
1718,1718,ID_2015,2010-07-01
1719,1719,ID_2016,1996-09-01
1720,1720,ID_2017,2006-03-01
1721,1721,ID_2018,1996-03-01
1722,1722,ID_2020,2003-10-01
1723,1723,ID_2023,2008-04-01
1724,1724,ID_2024,1996-05-01
1725,1725,ID_2025,2003-01-01
1726,1726,ID_2026,2010-03-01
1727,1727,ID_2027,2008-11-01
1728,1728,ID_2028,2016-10-01
1729,1729,ID_2029,2003-02-01
1730,1730,ID_2032,2018-06-01
1731,1731,ID_2033,2015-11-01
1732,1732,ID_2034,2007-07-01
1733,1733,ID_2035,2018-02-01
1734,1734,ID_2036,2007-03-01
1735,1735,ID_2037,2006-12-01
1736,1736,ID_2038,2013-02-01
1737,1737,ID_2039,2013-11-01
1738,1738,ID_2040,2013-10-01
1739,1739,ID_2041,2018-04-01
1740,1740,ID_2042,2018-08-01
1741,1741,ID_2043,2010-10-01
1742,1742,ID_2044,2018-01-01
1743,1743,ID_2045,2018-07-01
1744,1744,ID_2046,1963-03-01
1745,1745,ID_2047,1991-04-01
1746,1746,ID_2048,1954-08-01
1747,1747,ID_2049,1969-05-01
1748,1748,ID_2050,1989-10-01
1749,1749,ID_2051,1996-12-01
1750,1750,ID_2052,1963-11-01
1751,1751,ID_2053,1976-10-01
1752,1752,ID_2054,1999-02-01
1753,1753,ID_2055,2001-09-01
1754,1754,ID_2056,1998-05-01
1755,1755,ID_2057,2004-04-01
1756,1756,ID_2058,1983-07-01
1757,1757,ID_2059,1989-02-01
1758,1758,ID_2060,1983-12-01
1759,1759,ID_2061,1988-12-01
1760,1760,ID_2062,2004-04-01
1761,1761,ID_2063,2006-08-01
1762,1762,ID_2064,2007-06-01
1763,1763,ID_2065,2017-06-01
1764,1764,ID_2066,2008-02-01
1765,1765,ID_2067,2007-06-01
1766,1766,ID_2068,2009-07-01
1767,1767,ID_2069,2006-10-01
1768,1768,ID_2070,2009-09-01
1769,1769,ID_2071,2011-05-01
1770,1770,ID_2072,2009-10-01
1771,1771,ID_2073,1998-01-01
1772,1772,ID_2074,2009-10-01
1773,1773,ID_2075,2012-04-01
1774,1774,ID_2076,2011-04-01
1775,1775,ID_2078,2012-08-01
1776,1776,ID_2079,2011-12-01
1777,1777,ID_2080,2015-07-01
1778,1778,ID_2081,2015-01-01
1779,1779,ID_2083,2017-05-01
1780,1780,ID_2084,2007-05-01
1781,1781,ID_2085,2014-05-01
1782,1782,ID_2086,2013-05-01
1783,1783,ID_2087,2008-01-01
1784,1784,ID_2088,2010-07-01
1785,1785,ID_2090,2010-07-01
1786,1786,ID_2091,1991-07-01
1787,1787,ID_2092,2009-08-01
1788,1788,ID_2093,1982-10-01
1789,1789,ID_2094,1998-01-01
1790,1790,ID_2096,2008-02-01
1791,1791,ID_2097,1999-11-01
1792,1792,ID_2098,2008-10-01
1793,1793,ID_2099,2006-01-01
1794,1794,ID_2100,2014-09-01
1795,1795,ID_2101,2002-04-01
1796,1796,ID_2102,1985-07-01
1797,1797,ID_2104,2009-05-29
1798,1798,ID_2105,1996-09-01
1799,1799,ID_2106,2006-06-01
1800,1800,ID_2107,1995-04-01
1801,1801,ID_2108,2013-11-01
1802,1802,ID_2109,2006-03-01
1803,1803,ID_2110,2012-09-01
1804,1804,ID_2111,2012-06-01
1805,1805,ID_2112,2012-07-01
1806,1806,ID_2113,2017-05-01
1807,1807,ID_2114,2017-08-01
1808,1808,ID_2115,2014-01-01
1809,1809,ID_2116,2014-05-01
1810,1810,ID_2117,2014-02-01
1811,1811,ID_2118,2013-11-01
1812,1812,ID_2119,2013-11-01
1813,1813,ID_2120,2013-07-01
1814,1814,ID_2121,2010-04-01
1815,1815,ID_2122,2017-10-01
1816,1816,ID_2123,2017-04-01
1817,1817,ID_2124,2013-10-01
1818,1818,ID_2125,2013-09-01
1819,1819,ID_2126,2013-09-01
1820,1820,ID_2127,2006-07-01
1821,1821,ID_2128,1989-09-01
1822,1822,ID_2129,1976-05-01
1823,1823,ID_2130,1997-11-01
1824,1824,ID_2131,1998-06-01
1825,1825,ID_2132,1998-05-01
1826,1826,ID_2133,1999-01-01
1827,1827,ID_2134,1987-09-01
1828,1828,ID_2135,1994-01-01
1829,1829,ID_2136,1994-04-01
1830,1830,ID_2137,1998-07-01
1831,1831,ID_2138,2001-07-01
1832,1832,ID_2139,1999-06-01
1833,1833,ID_2140,2004-02-01
1834,1834,ID_2141,2001-07-01
1835,1835,ID_2142,1985-10-01
1836,1836,ID_2143,1990-06-01
1837,1837,ID_2144,2004-07-01
1838,1838,ID_2145,1986-01-01
1839,1839,ID_2146,1990-12-01
1840,1840,ID_2147,2004-03-01
1841,1841,ID_2148,2007-04-01
1842,1842,ID_2149,2008-05-01
1843,1843,ID_2150,1997-01-01
1844,1844,ID_2151,2018-02-01
1845,1845,ID_2152,2008-07-01
1846,1846,ID_2153,2008-01-01
1847,1847,ID_2154,2010-03-01
1848,1848,ID_2155,2006-12-01
1849,1849,ID_2156,2009-10-01
1850,1850,ID_2157,2011-08-01
1851,1851,ID_2158,2009-08-01
1852,1852,ID_2159,2000-01-01
1853,1853,ID_2160,2009-12-01
1854,1854,ID_2161,2015-03-01
1855,1855,ID_2162,2012-09-01
1856,1856,ID_2163,2013-10-01
1857,1857,ID_2165,2012-06-01
1858,1858,ID_2166,2011-12-01
1859,1859,ID_2168,2015-08-01
1860,1860,ID_2169,2015-08-01
1861,1861,ID_2170,2004-03-01
1862,1862,ID_2172,2018-01-01
1863,1863,ID_2173,2006-06-01
1864,1864,ID_2175,2015-06-01
1865,1865,ID_2177,2013-11-01
1866,1866,ID_2178,2009-01-01
1867,1867,ID_2179,2011-01-01
1868,1868,ID_2181,2010-05-01
1869,1869,ID_2182,2018-10-01
1870,1870,ID_2183,2006-04-01
1871,1871,ID_2184,2005-10-01
1872,1872,ID_2185,2010-11-01
1873,1873,ID_2186,2003-03-01
1874,1874,ID_2187,2010-03-01
1875,1875,ID_2188,1984-01-01
1876,1876,ID_2189,1999-02-01
1877,1877,ID_2190,2009-01-01
1878,1878,ID_2191,2006-09-01
1879,1879,ID_2192,2014-09-01
1880,1880,ID_2193,2002-02-01
1881,1881,ID_2194,2004-10-01
1882,1882,ID_2198,2006-05-01
1883,1883,ID_2199,2012-06-01
1884,1884,ID_2200,2012-10-01
1885,1885,ID_2201,2012-12-01
1886,1886,ID_2202,2017-10-01
1887,1887,ID_2203,2017-07-01
1888,1888,ID_2204,2015-06-01
1889,1889,ID_2205,2016-02-01
1890,1890,ID_2206,2015-09-01
1891,1891,ID_2207,2014-02-01
1892,1892,ID_2208,2013-07-01
1893,1893,ID_2209,2013-07-01
1894,1894,ID_2210,2010-07-01
1895,1895,ID_2211,2017-05-01
1896,1896,ID_2212,2017-10-01
1897,1897,ID_2213,2013-12-01
1898,1898,ID_2214,2013-10-01
1899,1899,ID_2215,2006-03-01
1900,1900,ID_2216,1964-01-01
1901,1901,ID_2217,1975-06-01
1902,1902,ID_2218,1966-08-01
1903,1903,ID_2219,1977-09-01
1904,1904,ID_2220,1979-11-01
1905,1905,ID_2221,1998-10-01
1906,1906,ID_2222,2002-06-01
1907,1907,ID_2223,1997-11-01
1908,1908,ID_2224,2009-01-29
1909,1909,ID_2225,2009-01-01
1910,1910,ID_2226,2009-05-29
1911,1911,ID_2227,1999-12-01
1912,1912,ID_2228,2014-12-01
1913,1913,ID_2229,2010-03-01
1914,1914,ID_2230,2009-02-28
1915,1915,ID_2231,2014-12-01
1916,1916,ID_2232,2006-07-01
1917,1917,ID_2233,2009-06-01
1918,1918,ID_2234,2014-12-01
1919,1919,ID_2235,2009-02-28
1920,1920,ID_2236,2015-02-01
1921,1921,ID_2237,2016-03-01
1922,1922,ID_2239,2014-12-01
1923,1923,ID_2240,2018-11-01
1924,1924,ID_2243,2015-09-01
1925,1925,ID_2245,2015-06-01
1926,1926,ID_2246,2007-08-01
1927,1927,ID_2247,2012-07-01
1928,1928,ID_2249,2012-02-01
1929,1929,ID_2250,1990-10-01
1930,1930,ID_2251,1983-10-01
1931,1931,ID_2253,2002-12-01
1932,1932,ID_2257,2003-01-01
1933,1933,ID_2258,2012-09-01
1934,1934,ID_2259,2005-04-01
1935,1935,ID_2261,2006-10-01
1936,1936,ID_2262,2014-11-01
1937,1937,ID_2263,2014-09-01
1938,1938,ID_2264,2014-11-01
1939,1939,ID_2265,2016-02-01
1940,1940,ID_2266,2015-08-01
1941,1941,ID_2267,2015-07-01
1942,1942,ID_2268,2015-07-01
1943,1943,ID_2269,2015-07-01
1944,1944,ID_2270,2015-06-01
1945,1945,ID_2271,2012-06-01
1946,1946,ID_2272,2015-05-01
1947,1947,ID_2273,2015-05-01
1948,1948,ID_2274,2015-11-01
1949,1949,ID_2275,1993-08-01
1950,1950,ID_2276,1997-02-01
1951,1951,ID_2277,1999-05-01
1952,1952,ID_2278,1988-12-01
1953,1953,ID_2279,1997-04-01
1954,1954,ID_2280,1998-08-01
1955,1955,ID_2281,2000-08-01
1956,1956,ID_2282,2008-12-29
1957,1957,ID_2283,1993-09-01
1958,1958,ID_2284,1988-10-01
1959,1959,ID_2285,1999-10-01
1960,1960,ID_2286,2002-02-01
1961,1961,ID_2287,2005-08-01
1962,1962,ID_2288,1994-04-01
1963,1963,ID_2289,2008-01-01
1964,1964,ID_2290,2008-09-29
1965,1965,ID_2291,2010-07-01
1966,1966,ID_2292,2006-08-01
1967,1967,ID_2293,2007-12-01
1968,1968,ID_2294,2008-02-01
1969,1969,ID_2295,2007-11-01
1970,1970,ID_2296,2009-07-01
1971,1971,ID_2297,2007-04-01
1972,1972,ID_2298,2010-08-01
1973,1973,ID_2299,2011-05-01
1974,1974,ID_2300,1999-08-01
1975,1975,ID_2301,2014-12-01
1976,1976,ID_2303,2013-12-01
1977,1977,ID_2304,2016-01-01
1978,1978,ID_2305,2007-12-01
1979,1979,ID_2306,2011-09-01
1980,1980,ID_2308,2011-08-01
1981,1981,ID_2309,1993-02-01
1982,1982,ID_2310,1983-08-01
1983,1983,ID_2312,1999-12-01
1984,1984,ID_2313,2008-01-01
1985,1985,ID_2314,1980-11-01
1986,1986,ID_2315,2001-01-01
1987,1987,ID_2316,2010-07-01
1988,1988,ID_2317,2008-01-01
1989,1989,ID_2318,2016-09-01
1990,1990,ID_2319,2002-04-01
1991,1991,ID_2321,2016-04-01
1992,1992,ID_2324,2019-04-01
1993,1993,ID_2325,2007-11-01
1994,1994,ID_2326,2015-03-01
1995,1995,ID_2327,2009-06-01
1996,1996,ID_2328,2007-02-01
1997,1997,ID_2329,2014-09-01
1998,1998,ID_2330,2014-04-01
1999,1999,ID_2331,2014-03-01
2000,2000,ID_2332,2019-02-01
2001,2001,ID_2333,2018-07-01
2002,2002,ID_2334,2008-11-29
2003,2003,ID_2335,2009-01-29
2004,2004,ID_2336,2008-11-29
2005,2005,ID_2337,2009-02-28
2006,2006,ID_2338,2008-11-29
2007,2007,ID_2339,2009-05-29
2008,2008,ID_2340,2011-07-01
2009,2009,ID_2341,2019-01-01
2010,2010,ID_2342,2018-09-01
2011,2011,ID_2343,2008-10-29
2012,2012,ID_2344,2009-05-29
2013,2013,ID_2345,2008-11-29
2014,2014,ID_2346,1989-02-01
2015,2015,ID_2347,2008-08-01
2016,2016,ID_2348,1975-04-01
2017,2017,ID_2350,1998-11-01
2018,2018,ID_2351,1999-05-01
2019,2019,ID_2352,2003-07-01
2020,2020,ID_2353,1975-02-01
2021,2021,ID_2354,1993-02-01
2022,2022,ID_2355,1987-11-01
2023,2023,ID_2356,1976-10-01
2024,2024,ID_2357,2001-04-01
2025,2025,ID_2358,2002-11-01
2026,2026,ID_2359,2000-08-01
2027,2027,ID_2360,2005-08-01
2028,2028,ID_2361,2002-09-01
2029,2029,ID_2362,1989-05-01
2030,2030,ID_2363,1994-04-01
2031,2031,ID_2364,2008-05-01
2032,2032,ID_2365,1989-03-01
2033,2033,ID_2366,2003-01-01
2034,2034,ID_2367,2007-12-01
2035,2035,ID_2368,2008-11-01
2036,2036,ID_2369,2010-09-01
2037,2037,ID_2370,2009-03-01
2038,2038,ID_2371,2010-08-01
2039,2039,ID_2372,2012-10-01
2040,2040,ID_2373,2008-02-01
2041,2041,ID_2374,2011-06-01
2042,2042,ID_2375,2011-01-01
2043,2043,ID_2376,2000-10-01
2044,2044,ID_2377,2018-09-01
2045,2045,ID_2380,2015-01-01
2046,2046,ID_2382,2018-09-01
2047,2047,ID_2383,2010-01-01
2048,2048,ID_2384,2011-09-01
2049,2049,ID_2386,2012-04-01
2050,2050,ID_2387,1996-04-01
2051,2051,ID_2388,2006-04-01
2052,2052,ID_2389,1986-11-01
2053,2053,ID_2392,2009-02-01
2054,2054,ID_2393,1985-09-01
2055,2055,ID_2394,2001-04-01
2056,2056,ID_2395,2019-05-01
2057,2057,ID_2396,2003-05-01
2058,2058,ID_2398,2018-11-01
2059,2059,ID_2399,2007-11-01
2060,2060,ID_2401,2015-01-01
2061,2061,ID_2402,2014-08-01
2062,2062,ID_2403,2014-09-01
2063,2063,ID_2404,2019-02-01
2064,2064,ID_2405,2018-05-01
2065,2065,ID_2406,2012-01-01
2066,2066,ID_2407,2018-12-01
2067,2067,ID_2408,2018-09-01
2068,2068,ID_2409,2009-05-29
2069,2069,ID_2410,1998-03-01
2070,2070,ID_2411,1996-04-01
2071,2071,ID_2412,1998-05-01
2072,2072,ID_2413,2000-02-01
2073,2073,ID_2414,2009-05-29
2074,2074,ID_2415,1992-10-01
2075,2075,ID_2416,1996-05-01
2076,2076,ID_2417,2002-01-01
2077,2077,ID_2418,2002-01-01
2078,2078,ID_2419,1999-03-01
2079,2079,ID_2420,2004-02-01
2080,2080,ID_2421,1995-10-01
2081,2081,ID_2422,1992-11-01
2082,2082,ID_2423,2005-06-01
2083,2083,ID_2424,1995-08-01
2084,2084,ID_2425,2000-12-01
2085,2085,ID_2426,2002-09-01
2086,2086,ID_2427,2006-01-01
2087,2087,ID_2428,2007-10-01
2088,2088,ID_2429,2008-07-01
2089,2089,ID_2430,2018-06-01
2090,2090,ID_2431,2008-06-01
2091,2091,ID_2432,2010-08-01
2092,2092,ID_2433,2010-05-01
2093,2093,ID_2434,2007-05-01
2094,2094,ID_2435,2009-07-01
2095,2095,ID_2436,2011-09-01
2096,2096,ID_2437,2009-11-01
2097,2097,ID_2438,1998-06-01
2098,2098,ID_2439,2016-08-01
2099,2099,ID_2440,2013-03-01
2100,2100,ID_2441,2013-12-01
2101,2101,ID_2443,2013-06-01
2102,2102,ID_2444,2012-03-01
2103,2103,ID_2446,2016-04-01
2104,2104,ID_2447,2006-01-01
2105,2105,ID_2449,2018-03-01
2106,2106,ID_2451,2016-04-01
2107,2107,ID_2453,2015-02-01
2108,2108,ID_2454,2007-03-01
2109,2109,ID_2455,2010-05-01
2110,2110,ID_2457,2010-06-01
2111,2111,ID_2459,2003-05-01
2112,2112,ID_2460,2010-02-01
2113,2113,ID_2461,2007-04-01
2114,2114,ID_2463,2006-02-01
2115,2115,ID_2465,2011-09-01
2116,2116,ID_2466,2001-07-01
2117,2117,ID_2467,2009-05-01
2118,2118,ID_2468,2006-11-01
2119,2119,ID_2469,2015-02-01
2120,2120,ID_2470,2002-08-01
2121,2121,ID_2471,2009-06-29
2122,2122,ID_2473,2013-02-01
2123,2123,ID_2474,2013-03-01
2124,2124,ID_2475,2013-02-01
2125,2125,ID_2476,2018-04-01
2126,2126,ID_2477,2018-06-01
2127,2127,ID_2478,2015-12-01
2128,2128,ID_2479,2015-10-01
2129,2129,ID_2480,2016-01-01
2130,2130,ID_2481,2014-11-01
2131,2131,ID_2482,2014-09-01
2132,2132,ID_2483,2014-07-01
2133,2133,ID_2484,2010-07-01
2134,2134,ID_2485,2017-11-01
2135,2135,ID_2486,2018-06-01
2136,2136,ID_2487,2014-09-01
2137,2137,ID_2488,2014-08-01
2138,2138,ID_2489,2014-07-01
2139,2139,ID_2490,1983-07-01
2140,2140,ID_2491,2003-08-01
2141,2141,ID_2492,1999-09-01
2142,2142,ID_2493,1967-07-01
2143,2143,ID_2494,2000-10-01
2144,2144,ID_2495,2002-03-01
2145,2145,ID_2496,2004-11-01
2146,2146,ID_2497,2004-10-01
2147,2147,ID_2498,1985-06-01
2148,2148,ID_2499,2005-05-01
2149,2149,ID_2500,1985-10-01
2150,2150,ID_2501,1999-09-01
2151,2151,ID_2502,2001-03-01
2152,2152,ID_2503,2005-03-01
2153,2153,ID_2504,2007-11-01
2154,2154,ID_2505,2008-08-01
2155,2155,ID_2506,2018-03-01
2156,2156,ID_2507,2007-12-01
2157,2157,ID_2508,2008-08-01
2158,2158,ID_2509,2009-11-01
2159,2159,ID_2510,2007-02-01
2160,2160,ID_2511,2010-09-01
2161,2161,ID_2512,2011-03-01
2162,2162,ID_2513,2011-04-01
2163,2163,ID_2514,2014-05-01
2164,2164,ID_2515,2015-04-01
2165,2165,ID_2516,2013-04-01
2166,2166,ID_2517,2013-12-01
2167,2167,ID_2519,2013-01-01
2168,2168,ID_2520,2012-03-01
2169,2169,ID_2522,2016-02-01
2170,2170,ID_2523,2015-09-01
2171,2171,ID_2524,2005-12-01
2172,2172,ID_2526,2017-10-01
2173,2173,ID_2527,2006-11-01
2174,2174,ID_2528,2016-01-01
2175,2175,ID_2529,2013-08-01
2176,2176,ID_2530,2008-10-01
2177,2177,ID_2531,2011-06-01
2178,2178,ID_2533,2012-10-01
2179,2179,ID_2534,2019-10-01
2180,2180,ID_2535,2006-09-01
2181,2181,ID_2536,2010-01-01
2182,2182,ID_2537,1995-06-01
2183,2183,ID_2538,2004-02-01
2184,2184,ID_2539,2012-06-01
2185,2185,ID_2540,2001-04-01
2186,2186,ID_2541,2009-08-01
2187,2187,ID_2542,2016-09-01
2188,2188,ID_2545,2008-10-01
2189,2189,ID_2546,2007-10-01
2190,2190,ID_2547,2015-07-01
2191,2191,ID_2548,2010-04-01
2192,2192,ID_2549,2013-11-01
2193,2193,ID_2550,2013-10-01
2194,2194,ID_2551,2008-11-01
2195,2195,ID_2552,1998-05-01
2196,2196,ID_2553,2002-11-01
2197,2197,ID_2554,1998-11-01
2198,2198,ID_2555,2008-02-01
2199,2199,ID_2556,1992-10-01
2200,2200,ID_2557,1997-05-01
2201,2201,ID_2558,2013-08-01
2202,2202,ID_2559,1976-04-01
2203,2203,ID_2560,2013-06-01
2204,2204,ID_2561,2013-02-01
2205,2205,ID_2562,2013-02-01
2206,2206,ID_2563,2017-02-01
2207,2207,ID_2564,2017-04-01
2208,2208,ID_2565,2016-07-01
2209,2209,ID_2566,2015-12-01
2210,2210,ID_2567,2016-06-01
2211,2211,ID_2568,2013-07-01
2212,2212,ID_2569,2013-08-01
2213,2213,ID_2570,2013-08-01
2214,2214,ID_2571,2012-07-01
2215,2215,ID_2572,2017-08-01
2216,2216,ID_2573,2017-08-01
2217,2217,ID_2574,2013-12-01
2218,2218,ID_2575,2013-12-01
2219,2219,ID_2576,2013-08-01
2220,2220,ID_2577,2008-09-29
2221,2221,ID_2578,2004-11-01
2222,2222,ID_2579,1999-07-01
2223,2223,ID_2580,2009-03-29
2224,2224,ID_2581,2006-03-01
2225,2225,ID_2582,2006-03-01
2226,2226,ID_2583,2009-03-29
2227,2227,ID_2584,2013-01-01
2228,2228,ID_2585,2008-10-29
2229,2229,ID_2586,2007-03-01
2230,2230,ID_2587,2007-11-01
2231,2231,ID_2588,2013-05-01
2232,2232,ID_2589,1998-01-01
2233,2233,ID_2590,2013-02-01
2234,2234,ID_2591,2013-08-01
2235,2235,ID_2592,2013-10-01
2236,2236,ID_2593,2011-11-01
2237,2237,ID_2594,2013-11-01
2238,2238,ID_2595,2013-06-01
2239,2239,ID_2596,1999-08-01
2240,2240,ID_2597,2009-04-29
2241,2241,ID_2598,2015-02-01
2242,2242,ID_2599,2015-09-01
2243,2243,ID_2601,2014-10-01
2244,2244,ID_2602,2014-07-01
2245,2245,ID_2604,2016-01-01
2246,2246,ID_2606,2009-01-29
2247,2247,ID_2608,2016-12-01
2248,2248,ID_2610,2015-09-01
2249,2249,ID_2611,2009-02-01
2250,2250,ID_2612,2010-11-01
2251,2251,ID_2614,2010-03-01
2252,2252,ID_2615,2000-06-01
2253,2253,ID_2616,2010-03-01
2254,2254,ID_2617,2010-12-01
2255,2255,ID_2619,2004-02-01
2256,2256,ID_2620,2010-12-01
2257,2257,ID_2622,2001-12-01
2258,2258,ID_2623,2012-06-01
2259,2259,ID_2624,2008-08-01
2260,2260,ID_2625,2017-08-01
2261,2261,ID_2626,2002-05-01
2262,2262,ID_2628,2015-01-01
2263,2263,ID_2629,2014-11-01
2264,2264,ID_2630,2014-08-01
2265,2265,ID_2631,2008-12-29
2266,2266,ID_2632,2009-01-29
2267,2267,ID_2633,2017-05-01
2268,2268,ID_2634,2017-06-01
2269,2269,ID_2635,2017-02-01
2270,2270,ID_2636,2015-09-01
2271,2271,ID_2637,2015-05-01
2272,2272,ID_2638,2015-06-01
2273,2273,ID_2639,2010-02-01
2274,2274,ID_2640,2009-03-29
2275,2275,ID_2641,2009-03-29
2276,2276,ID_2642,2015-06-01
2277,2277,ID_2643,2015-07-01
2278,2278,ID_2644,2015-07-01
2279,2279,ID_2645,1963-12-01
2280,2280,ID_2646,1999-08-01
2281,2281,ID_2647,2005-04-01
2282,2282,ID_2649,1996-12-01
2283,2283,ID_2650,1998-09-01
2284,2284,ID_2651,1965-05-01
2285,2285,ID_2652,1991-11-01
2286,2286,ID_2653,1982-01-01
2287,2287,ID_2654,1999-01-01
2288,2288,ID_2655,2001-08-01
2289,2289,ID_2656,1998-04-01
2290,2290,ID_2657,2004-08-01
2291,2291,ID_2658,1985-04-01
2292,2292,ID_2659,1989-02-01
2293,2293,ID_2660,2005-08-01
2294,2294,ID_2661,1985-03-01
2295,2295,ID_2662,1999-05-01
2296,2296,ID_2663,2003-10-01
2297,2297,ID_2664,2007-05-01
2298,2298,ID_2665,2007-11-01
2299,2299,ID_2666,2017-06-01
2300,2300,ID_2667,2007-10-01
2301,2301,ID_2668,2007-06-01
2302,2302,ID_2669,2010-02-01
2303,2303,ID_2670,2009-05-01
2304,2304,ID_2671,2011-06-01
2305,2305,ID_2672,1998-07-01
2306,2306,ID_2673,2007-12-01
2307,2307,ID_2674,2010-08-01
2308,2308,ID_2675,2015-03-01
2309,2309,ID_2676,2012-10-01
2310,2310,ID_2677,2014-01-01
2311,2311,ID_2679,2012-10-01
2312,2312,ID_2680,2011-12-01
2313,2313,ID_2682,2015-11-01
2314,2314,ID_2683,2015-05-01
2315,2315,ID_2684,2006-02-01
2316,2316,ID_2686,2017-10-01
2317,2317,ID_2687,2007-01-01
2318,2318,ID_2689,2014-10-01
2319,2319,ID_2691,2013-09-01
2320,2320,ID_2692,2008-06-01
2321,2321,ID_2693,2010-02-01
2322,2322,ID_2695,2010-07-01
2323,2323,ID_2696,2018-09-01
2324,2324,ID_2697,2005-10-01
2325,2325,ID_2698,2009-10-01
2326,2326,ID_2699,2004-10-01
2327,2327,ID_2700,2010-12-01
2328,2328,ID_2701,2002-01-01
2329,2329,ID_2702,2007-09-01
2330,2330,ID_2703,1997-01-01
2331,2331,ID_2704,2000-07-01
2332,2332,ID_2705,2008-07-01
2333,2333,ID_2706,2006-05-01
2334,2334,ID_2707,2014-02-01
2335,2335,ID_2708,2002-02-01
2336,2336,ID_2711,2006-04-01
2337,2337,ID_2712,2012-10-01
2338,2338,ID_2713,2012-04-01
2339,2339,ID_2714,2012-07-01
2340,2340,ID_2715,2017-05-01
2341,2341,ID_2716,2017-12-01
2342,2342,ID_2717,2014-03-01
2343,2343,ID_2718,2014-02-01
2344,2344,ID_2719,2014-09-01
2345,2345,ID_2720,2013-06-01
2346,2346,ID_2721,2013-08-01
2347,2347,ID_2722,2013-05-01
2348,2348,ID_2723,2010-06-01
2349,2349,ID_2724,2017-06-01
2350,2350,ID_2725,2018-01-01
2351,2351,ID_2726,2013-09-01
2352,2352,ID_2727,2013-11-01
2353,2353,ID_2728,1996-09-01
2354,2354,ID_2729,1972-03-01
2355,2355,ID_2730,1988-10-01
2356,2356,ID_2731,1998-05-01
2357,2357,ID_2732,1998-10-01
2358,2358,ID_2733,1999-07-01
2359,2359,ID_2734,1989-07-01
2360,2360,ID_2735,1992-08-01
2361,2361,ID_2736,1983-01-01
2362,2362,ID_2737,1998-10-01
2363,2363,ID_2738,2001-05-01
2364,2364,ID_2739,1999-03-01
2365,2365,ID_2740,2004-04-01
2366,2366,ID_2741,1983-09-01
2367,2367,ID_2742,1990-10-01
2368,2368,ID_2743,1983-06-01
2369,2369,ID_2744,1990-09-01
2370,2370,ID_2745,2006-07-01
2371,2371,ID_2746,2008-03-01
2372,2372,ID_2747,2007-11-01
2373,2373,ID_2748,1996-02-01
2374,2374,ID_2749,2019-01-01
2375,2375,ID_2750,2008-10-01
2376,2376,ID_2751,2009-08-01
2377,2377,ID_2752,2009-02-01
2378,2378,ID_2753,2012-06-01
2379,2379,ID_2754,2011-01-01
2380,2380,ID_2755,1999-02-01
2381,2381,ID_2756,2014-03-01
2382,2382,ID_2757,2014-09-01
2383,2383,ID_2759,2012-10-01
2384,2384,ID_2760,2016-06-01
2385,2385,ID_2761,2015-05-01
2386,2386,ID_2763,2018-05-01
2387,2387,ID_2765,2017-01-01
2388,2388,ID_2767,2015-04-01
2389,2389,ID_2768,2007-05-01
2390,2390,ID_2769,2011-09-01
2391,2391,ID_2771,2011-07-01
2392,2392,ID_2772,2018-09-01
2393,2393,ID_2773,1994-06-01
2394,2394,ID_2774,2005-03-01
2395,2395,ID_2775,1993-11-01
2396,2396,ID_2777,1999-07-01
2397,2397,ID_2779,2017-11-01
2398,2398,ID_2780,2010-05-01
2399,2399,ID_2781,1994-03-01
2400,2400,ID_2782,2000-10-01
2401,2401,ID_2783,2010-11-01
2402,2402,ID_2784,2010-03-01
2403,2403,ID_2785,2016-06-01
2404,2404,ID_2786,2002-06-01
2405,2405,ID_2789,2015-08-01
2406,2406,ID_2790,2007-11-01
2407,2407,ID_2791,2008-05-01
2408,2408,ID_2792,2006-09-01
2409,2409,ID_2793,2012-05-01
2410,2410,ID_2794,2012-08-01
2411,2411,ID_2795,2012-07-01
2412,2412,ID_2796,2017-11-01
2413,2413,ID_2797,2017-10-01
2414,2414,ID_2798,2017-01-01
2415,2415,ID_2799,2017-05-01
2416,2416,ID_2800,2017-05-01
2417,2417,ID_2801,2015-03-01
2418,2418,ID_2802,2015-09-01
2419,2419,ID_2803,2015-12-01
2420,2420,ID_2804,2011-05-01
2421,2421,ID_2805,2018-05-01
2422,2422,ID_2806,2018-02-01
2423,2423,ID_2807,2015-07-01
2424,2424,ID_2808,2015-06-01
2425,2425,ID_2809,2015-08-01
2426,2426,ID_2810,1997-10-01
2427,2427,ID_2812,2000-07-01
2428,2428,ID_2813,1992-01-01
2429,2429,ID_2814,1991-07-01
2430,2430,ID_2815,2000-05-01
2431,2431,ID_2816,2001-12-01
2432,2432,ID_2817,2006-04-01
2433,2433,ID_2818,1989-11-01
2434,2434,ID_2819,1992-12-01
2435,2435,ID_2820,2005-10-01
2436,2436,ID_2821,1989-05-01
2437,2437,ID_2822,2002-07-01
2438,2438,ID_2823,2002-05-01
2439,2439,ID_2824,2006-03-01
2440,2440,ID_2825,2009-01-01
2441,2441,ID_2826,2002-11-01
2442,2442,ID_2827,2019-05-01
2443,2443,ID_2828,2008-04-01
2444,2444,ID_2829,2008-10-01
2445,2445,ID_2830,2010-12-01
2446,2446,ID_2831,2009-12-01
2447,2447,ID_2832,2011-10-01
2448,2448,ID_2833,2000-02-01
2449,2449,ID_2834,2017-04-01
2450,2450,ID_2835,2016-04-01
2451,2451,ID_2836,2013-12-01
2452,2452,ID_2837,2014-03-01
2453,2453,ID_2839,2012-11-01
2454,2454,ID_2840,2013-02-01
2455,2455,ID_2842,2016-05-01
2456,2456,ID_2843,2016-01-01
2457,2457,ID_2844,2005-11-01
2458,2458,ID_2846,2019-06-01
2459,2459,ID_2847,2007-01-01
2460,2460,ID_2850,2016-05-01
2461,2461,ID_2852,2014-01-01
2462,2462,ID_2853,2008-03-01
2463,2463,ID_2854,2010-03-01
2464,2464,ID_2856,2010-03-01
2465,2465,ID_2857,2018-12-01
2466,2466,ID_2858,2005-08-01
2467,2467,ID_2859,2010-08-01
2468,2468,ID_2860,1988-01-01
2469,2469,ID_2861,2006-10-01
2470,2470,ID_2862,2013-05-01
2471,2471,ID_2863,2003-03-01
2472,2472,ID_2864,2013-02-01
2473,2473,ID_2865,2007-02-01
2474,2474,ID_2866,2015-08-01
2475,2475,ID_2867,2004-04-01
2476,2476,ID_2869,2013-02-01
2477,2477,ID_2870,2012-09-01
2478,2478,ID_2871,2012-10-01
2479,2479,ID_2872,2019-03-01
2480,2480,ID_2873,2019-06-01
2481,2481,ID_2874,2016-05-01
2482,2482,ID_2875,2016-02-01
2483,2483,ID_2876,2016-05-01
2484,2484,ID_2877,2013-08-01
2485,2485,ID_2878,2014-03-01
2486,2486,ID_2879,2013-07-01
2487,2487,ID_2880,2010-10-01
2488,2488,ID_2881,2019-01-01
2489,2489,ID_2882,2019-07-01
2490,2490,ID_2883,2014-02-01
2491,2491,ID_2884,2013-06-01
2492,2492,ID_2885,2013-08-01
2493,2493,ID_2886,1980-03-01
2494,2494,ID_2887,2002-10-01
2495,2495,ID_2888,1991-06-01
2496,2496,ID_2889,1998-10-01
2497,2497,ID_2890,1998-08-01
2498,2498,ID_2891,1999-09-01
2499,2499,ID_2892,2009-01-29
2500,2500,ID_2893,1994-06-01
2501,2501,ID_2894,1976-03-01
2502,2502,ID_2895,1998-10-01
2503,2503,ID_2896,2001-11-01
2504,2504,ID_2897,1998-09-01
2505,2505,ID_2898,2004-02-01
2506,2506,ID_2899,1985-12-01
2507,2507,ID_2900,1992-02-01
2508,2508,ID_2901,2007-03-01
2509,2509,ID_2902,1985-08-01
2510,2510,ID_2903,2002-01-01
2511,2511,ID_2904,2005-07-01
2512,2512,ID_2905,2008-04-01
2513,2513,ID_2906,2009-09-01
2514,2514,ID_2907,2006-10-01
2515,2515,ID_2908,1996-05-01
2516,2516,ID_2909,2018-07-01
2517,2517,ID_2910,2009-03-01
2518,2518,ID_2911,2009-11-01
2519,2519,ID_2912,2011-07-01
2520,2520,ID_2913,2008-03-01
2521,2521,ID_2914,2011-01-01
2522,2522,ID_2915,2012-09-01
2523,2523,ID_2916,2011-08-01
2524,2524,ID_2917,2008-09-01
2525,2525,ID_2918,2017-12-01
2526,2526,ID_2919,2015-09-01
2527,2527,ID_2921,2014-12-01
2528,2528,ID_2922,2015-03-01
2529,2529,ID_2923,2016-07-01
2530,2530,ID_2924,2017-03-01
2531,2531,ID_2925,2006-08-01
2532,2532,ID_2927,2018-05-01
2533,2533,ID_2928,2017-12-01
2534,2534,ID_2930,2018-02-01
2535,2535,ID_2932,2017-09-01
2536,2536,ID_2933,2008-12-01
2537,2537,ID_2934,2012-07-01
2538,2538,ID_2936,2011-10-01
2539,2539,ID_2937,2020-02-01
2540,2540,ID_2938,1992-05-01
2541,2541,ID_2939,2005-07-01
2542,2542,ID_2940,1988-05-01
2543,2543,ID_2943,2007-11-01
2544,2544,ID_2945,2000-01-01
2545,2545,ID_2946,2011-06-01
2546,2546,ID_2947,2008-12-01
2547,2547,ID_2948,2016-11-01
2548,2548,ID_2949,2001-11-01
2549,2549,ID_2952,2008-06-01
2550,2550,ID_2953,2009-08-01
2551,2551,ID_2954,2014-08-01
2552,2552,ID_2955,2015-02-01
2553,2553,ID_2956,2015-03-01
2554,2554,ID_2957,2018-06-01
2555,2555,ID_2958,2018-01-01
2556,2556,ID_2959,2018-03-01
2557,2557,ID_2960,2017-10-01
2558,2558,ID_2961,2018-03-01
2559,2559,ID_2962,2018-06-01
2560,2560,ID_2963,2018-01-01
2561,2561,ID_2964,2017-12-01
2562,2562,ID_2965,2012-05-01
2563,2563,ID_2966,2018-03-01
2564,2564,ID_2967,2018-03-01
2565,2565,ID_2968,2018-02-01
2566,2566,ID_2969,2018-01-01
2567,2567,ID_2970,2017-10-01
2568,2568,ID_2971,1988-01-01
2569,2569,ID_2972,1997-10-01
2570,2570,ID_2973,2009-04-29
2571,2571,ID_2974,1993-01-01
2572,2572,ID_2975,1998-09-01
2573,2573,ID_2976,1999-04-01
2574,2574,ID_2977,2000-07-01
2575,2575,ID_2978,1969-10-01
2576,2576,ID_2979,1982-12-01
2577,2577,ID_2980,1980-07-01
2578,2578,ID_2981,2000-10-01
2579,2579,ID_2982,2002-02-01
2580,2580,ID_2983,1999-05-01
2581,2581,ID_2984,2004-05-01
2582,2582,ID_2985,2002-04-01
2583,2583,ID_2986,1985-11-01
2584,2584,ID_2987,1992-09-01
2585,2585,ID_2988,1986-02-01
2586,2586,ID_2989,1992-05-01
2587,2587,ID_2990,2005-07-01
2588,2588,ID_2991,2008-06-01
2589,2589,ID_2992,2010-08-01
2590,2590,ID_2993,2018-08-01
2591,2591,ID_2994,2010-02-01
2592,2592,ID_2995,2011-12-01
2593,2593,ID_2996,2015-08-01
2594,2594,ID_2997,2011-09-01
2595,2595,ID_2998,2016-02-01
2596,2596,ID_2999,2015-05-01
2597,2597,ID_3000,1999-01-01
2598,2598,ID_3001,2015-08-01
2599,2599,ID_3004,2016-08-01
2600,2600,ID_3006,2018-01-01
2601,2601,ID_3010,2016-08-01
2602,2602,ID_3012,2014-11-01
2603,2603,ID_3013,2008-11-01
2604,2604,ID_3014,2011-02-01
2605,2605,ID_3016,2011-05-01
2606,2606,ID_3017,2009-10-01
2607,2607,ID_3018,2008-07-01
2608,2608,ID_3019,1988-01-01
2609,2609,ID_3021,2000-12-01
2610,2610,ID_3023,2012-03-01
2611,2611,ID_3024,2000-02-01
2612,2612,ID_3025,2002-04-01
2613,2613,ID_3026,2011-11-01
2614,2614,ID_3027,2009-09-01
2615,2615,ID_3028,2019-07-01
2616,2616,ID_3029,2002-07-01
2617,2617,ID_3031,2018-07-01
2618,2618,ID_3032,2007-03-01
2619,2619,ID_3033,2008-02-01
2620,2620,ID_3034,2007-03-01
2621,2621,ID_3035,2016-05-01
2622,2622,ID_3036,2016-06-01
2623,2623,ID_3037,2016-06-01
2624,2624,ID_3038,2016-10-01
2625,2625,ID_3039,2016-10-01
2626,2626,ID_3040,2016-06-01
2627,2627,ID_3041,2014-11-01
2628,2628,ID_3042,2015-07-01
2629,2629,ID_3043,2015-04-01
2630,2630,ID_3044,2010-10-01
2631,2631,ID_3045,2015-07-01
2632,2632,ID_3046,2015-06-01
2633,2633,ID_3047,2015-05-01
2634,2634,ID_3048,2009-05-29
2635,2635,ID_3049,2003-10-01
2636,2636,ID_3050,2013-11-01
2637,2637,ID_3051,1994-01-01
2638,2638,ID_3052,1998-11-01
2639,2639,ID_3053,1999-09-01
2640,2640,ID_3054,2001-07-01
2641,2641,ID_3055,1983-05-01
2642,2642,ID_3056,1992-10-01
2643,2643,ID_3057,1983-06-01
2644,2644,ID_3058,1999-09-01
2645,2645,ID_3059,2001-11-01
2646,2646,ID_3060,2000-05-01
2647,2647,ID_3061,2004-03-01
2648,2648,ID_3062,1984-09-01
2649,2649,ID_3063,1991-01-01
2650,2650,ID_3064,1984-12-01
2651,2651,ID_3065,1999-09-01
2652,2652,ID_3066,2008-06-01
2653,2653,ID_3067,2008-09-01
2654,2654,ID_3068,2011-03-01
2655,2655,ID_3069,1996-03-01
2656,2656,ID_3070,2018-08-01
2657,2657,ID_3071,2009-07-01
2658,2658,ID_3072,2012-08-01
2659,2659,ID_3073,2012-01-01
2660,2660,ID_3074,2010-05-01
2661,2661,ID_3075,2012-09-01
2662,2662,ID_3076,2012-01-01
2663,2663,ID_3077,2000-03-01
2664,2664,ID_3078,2015-12-01
2665,2665,ID_3079,2014-02-01
2666,2666,ID_3080,2015-01-01
2667,2667,ID_3082,2015-01-01
2668,2668,ID_3083,2017-01-01
2669,2669,ID_3084,2016-06-01
2670,2670,ID_3085,2016-09-01
2671,2671,ID_3087,2017-11-01
2672,2672,ID_3089,2018-06-01
2673,2673,ID_3091,2018-05-01
2674,2674,ID_3092,2007-06-01
2675,2675,ID_3093,2011-12-01
2676,2676,ID_3095,2011-03-01
2677,2677,ID_3097,1991-02-01
2678,2678,ID_3098,2007-06-01
2679,2679,ID_3099,2009-02-28
2680,2680,ID_3101,2000-05-01
2681,2681,ID_3103,2017-06-01
2682,2682,ID_3104,2010-02-01
2683,2683,ID_3105,1988-09-01
2684,2684,ID_3106,2002-06-01
2685,2685,ID_3107,2010-11-01
2686,2686,ID_3108,2008-04-01
2687,2687,ID_3109,2017-04-01
2688,2688,ID_3110,2002-08-01
2689,2689,ID_3111,2008-12-29
2690,2690,ID_3112,2015-09-01
2691,2691,ID_3113,2007-05-01
2692,2692,ID_3114,2009-08-01
2693,2693,ID_3115,2007-10-01
2694,2694,ID_3116,2014-07-01
2695,2695,ID_3117,2015-04-01
2696,2696,ID_3118,2015-04-01
2697,2697,ID_3119,2017-09-01
2698,2698,ID_3120,2018-02-01
2699,2699,ID_3121,2018-06-01
2700,2700,ID_3122,2018-06-01
2701,2701,ID_3123,2018-04-01
2702,2702,ID_3124,2018-04-01
2703,2703,ID_3125,2018-07-01
2704,2704,ID_3126,2018-11-01
2705,2705,ID_3127,2010-09-01
2706,2706,ID_3128,2018-01-01
2707,2707,ID_3129,2017-11-01
2708,2708,ID_3130,2018-06-01
2709,2709,ID_3131,2018-11-01
2710,2710,ID_3132,2019-01-01
2711,2711,ID_3133,2008-12-29
2712,2712,ID_3134,1999-12-01
2713,2713,ID_3135,1955-08-01
2714,2714,ID_3137,1996-11-01
2715,2715,ID_3138,1996-06-01
2716,2716,ID_3139,2004-02-01
2717,2717,ID_3140,1963-11-01
2718,2718,ID_3141,1991-06-01
2719,2719,ID_3142,1979-06-01
2720,2720,ID_3143,1998-08-01
2721,2721,ID_3144,2002-03-01
2722,2722,ID_3145,2005-02-01
2723,2723,ID_3146,1982-11-01
2724,2724,ID_3147,1989-04-01
2725,2725,ID_3148,2005-08-01
2726,2726,ID_3149,1983-01-01
2727,2727,ID_3150,1998-03-01
2728,2728,ID_3151,2014-12-01
2729,2729,ID_3152,2007-06-01
2730,2730,ID_3153,2008-07-01
2731,2731,ID_3154,1994-03-01
2732,2732,ID_3155,2018-04-01
2733,2733,ID_3156,2008-08-01
2734,2734,ID_3157,2008-03-01
2735,2735,ID_3158,2010-04-01
2736,2736,ID_3159,2009-10-01
2737,2737,ID_3160,2011-08-01
2738,2738,ID_3161,1998-09-01
2739,2739,ID_3162,2009-04-01
2740,2740,ID_3163,2009-10-01
2741,2741,ID_3164,2015-03-01
2742,2742,ID_3165,2012-06-01
2743,2743,ID_3166,2013-07-01
2744,2744,ID_3168,2013-02-01
2745,2745,ID_3169,2011-10-01
2746,2746,ID_3171,2015-07-01
2747,2747,ID_3172,2015-08-01
2748,2748,ID_3173,2005-08-01
2749,2749,ID_3175,2017-05-01
2750,2750,ID_3176,2016-01-01
2751,2751,ID_3177,2014-03-01
2752,2752,ID_3178,2008-10-01
2753,2753,ID_3179,2010-08-01
2754,2754,ID_3181,2010-09-01
2755,2755,ID_3182,2018-04-01
2756,2756,ID_3183,2001-08-01
2757,2757,ID_3184,2010-09-01
2758,2758,ID_3186,2003-06-01
2759,2759,ID_3188,2009-03-01
2760,2760,ID_3189,1999-09-01
2761,2761,ID_3190,2000-02-01
2762,2762,ID_3191,2009-04-01
2763,2763,ID_3192,2006-01-01
2764,2764,ID_3193,2014-12-01
2765,2765,ID_3194,2001-10-01
2766,2766,ID_3195,1996-03-01
2767,2767,ID_3199,2006-11-01
2768,2768,ID_3200,2007-04-01
2769,2769,ID_3201,2014-03-01
2770,2770,ID_3202,2012-10-01
2771,2771,ID_3203,2012-06-01
2772,2772,ID_3204,2012-10-01
2773,2773,ID_3205,2017-08-01
2774,2774,ID_3206,2017-09-01
2775,2775,ID_3207,2015-12-01
2776,2776,ID_3208,2016-03-01
2777,2777,ID_3209,2015-11-01
2778,2778,ID_3210,2014-03-01
2779,2779,ID_3211,2013-09-01
2780,2780,ID_3212,2014-02-01
2781,2781,ID_3213,2010-04-01
2782,2782,ID_3214,2017-04-01
2783,2783,ID_3215,2017-02-01
2784,2784,ID_3216,2013-11-01
2785,2785,ID_3217,2013-10-01
2786,2786,ID_3218,2013-09-01
2787,2787,ID_3219,2009-06-01
2788,2788,ID_3220,2009-02-01
2789,2789,ID_3221,1975-12-01
2790,2790,ID_3222,2000-07-01
2791,2791,ID_3223,1975-04-01
2792,2792,ID_3224,1996-12-01
2793,2793,ID_3225,1998-01-01
2794,2794,ID_3226,1995-06-01
2795,2795,ID_3227,1998-01-01
2796,2796,ID_3228,1976-10-01
2797,2797,ID_3229,1998-08-01
2798,2798,ID_3230,2001-05-01
2799,2799,ID_3231,2004-04-01
2800,2800,ID_3232,1983-07-01
2801,2801,ID_3233,1988-09-01
2802,2802,ID_3234,1983-10-01
2803,2803,ID_3235,1999-03-01
2804,2804,ID_3236,2010-01-01
2805,2805,ID_3237,2007-01-01
2806,2806,ID_3238,2006-02-01
2807,2807,ID_3239,1994-07-01
2808,2808,ID_3240,2017-01-01
2809,2809,ID_3241,2008-02-01
2810,2810,ID_3242,2001-10-01
2811,2811,ID_3243,2010-10-01
2812,2812,ID_3244,2009-02-01
2813,2813,ID_3245,2000-04-01
2814,2814,ID_3246,2009-09-01
2815,2815,ID_3247,2009-06-01
2816,2816,ID_3248,2015-02-01
2817,2817,ID_3250,2015-07-01
2818,2818,ID_3251,2014-08-01
2819,2819,ID_3254,2015-01-01
2820,2820,ID_3257,2007-01-01
2821,2821,ID_3258,2009-09-01
2822,2822,ID_3261,1987-12-01
2823,2823,ID_3262,2010-11-01
2824,2824,ID_3263,2002-12-01
2825,2825,ID_3264,1981-09-01
2826,2826,ID_3265,2012-05-01
2827,2827,ID_3267,2012-08-01
2828,2828,ID_3268,2005-04-01
2829,2829,ID_3269,2008-07-01
2830,2830,ID_3270,1995-06-01
2831,2831,ID_3271,1998-09-01
2832,2832,ID_3272,2013-04-01
2833,2833,ID_3273,2000-11-01
2834,2834,ID_3274,1984-09-01
2835,2835,ID_3277,2003-03-01
2836,2836,ID_3283,2016-11-01
2837,2837,ID_3284,2017-07-01
2838,2838,ID_3285,2017-08-01
2839,2839,ID_3286,2013-04-01
2840,2840,ID_3287,2013-10-01
2841,2841,ID_3288,2013-09-01
2842,2842,ID_3289,2013-10-01
2843,2843,ID_3290,2013-06-01
2844,2844,ID_3291,2013-09-01
2845,2845,ID_3292,2008-12-01
2846,2846,ID_3293,2017-01-01
2847,2847,ID_3294,2017-02-01
2848,2848,ID_3295,2016-11-01
2849,2849,ID_3296,2017-08-01
2850,2850,ID_3297,2013-03-01
2851,2851,ID_3298,2013-04-01
2852,2852,ID_3299,2013-07-01
2853,2853,ID_3300,2008-12-29
2854,2854,ID_3301,1994-04-01
2855,2855,ID_3302,2009-06-29
2856,2856,ID_3303,2009-01-29
2857,2857,ID_3304,1993-09-01
2858,2858,ID_3305,1997-10-01
2859,2859,ID_3306,1997-07-01
2860,2860,ID_3307,1998-01-01
2861,2861,ID_3308,2008-11-29
2862,2862,ID_3309,1992-05-01
2863,2863,ID_3310,1975-08-01
2864,2864,ID_3311,1993-07-01
2865,2865,ID_3312,1999-11-01
2866,2866,ID_3313,2002-06-01
2867,2867,ID_3314,2005-11-01
2868,2868,ID_3315,2002-10-01
2869,2869,ID_3316,1987-12-01
2870,2870,ID_3317,1990-09-01
2871,2871,ID_3318,1988-01-01
2872,2872,ID_3319,1990-07-01
2873,2873,ID_3320,2005-09-01
2874,2874,ID_3321,2009-05-01
2875,2875,ID_3322,2010-06-01
2876,2876,ID_3323,2006-12-01
2877,2877,ID_3324,2007-03-01
2878,2878,ID_3325,1994-12-01
2879,2879,ID_3326,2008-04-01
2880,2880,ID_3327,2012-07-01
2881,2881,ID_3328,2012-12-01
2882,2882,ID_3329,2008-10-01
2883,2883,ID_3330,2011-10-01
2884,2884,ID_3331,2012-09-01
2885,2885,ID_3332,2019-02-01
2886,2886,ID_3333,2015-09-01
2887,2887,ID_3334,2018-07-01
2888,2888,ID_3336,2009-05-29
2889,2889,ID_3337,2018-09-01
2890,2890,ID_3338,2019-06-01
2891,2891,ID_3339,2019-10-01
2892,2892,ID_3340,2011-03-01
2893,2893,ID_3341,2015-09-01
2894,2894,ID_3343,2018-09-01
2895,2895,ID_3344,2009-02-28
2896,2896,ID_3345,2006-10-01
2897,2897,ID_3346,1982-08-01
2898,2898,ID_3348,2003-11-01
2899,2899,ID_3350,2011-10-01
2900,2900,ID_3351,1986-01-01
2901,2901,ID_3352,2003-11-01
2902,2902,ID_3353,2012-07-01
2903,2903,ID_3354,2008-01-01
2904,2904,ID_3355,2002-10-01
2905,2905,ID_3358,2020-02-01
2906,2906,ID_3359,2018-04-01
2907,2907,ID_3360,2014-07-01
2908,2908,ID_3361,2019-12-01
2909,2909,ID_3362,2019-07-01
2910,2910,ID_3363,2008-11-29
2911,2911,ID_3364,2008-11-29
2912,2912,ID_3365,2009-02-28
2913,2913,ID_3366,2008-10-29
2914,2914,ID_3367,2019-07-01
2915,2915,ID_3368,2020-01-01
2916,2916,ID_3369,2019-08-01
2917,2917,ID_3370,2019-09-01
2918,2918,ID_3371,2019-05-01
2919,2919,ID_3372,2019-09-01
2920,2920,ID_3373,2018-06-01
2921,2921,ID_3374,2019-06-01
2922,2922,ID_3375,2019-12-01
2923,2923,ID_3376,2019-08-01
